create table stg.contracts (
    id serial primary key,
    currency varchar(15),
    address_test varchar(255),
    address_prod varchar(255),
    is_deleted bool default false,
    update_date date default current_date
);

create table stg.transaction_states (
    id integer primary key,
    title VARCHAR(255),
    is_deleted bool default false,
    update_date date default current_date
);

create table stg.gates (
    id integer primary key,
    title VARCHAR(20),
    is_deleted bool default false,
    update_date date default current_date
);

create table stg.projects (
	id serial primary,
	title text,
	api_key text,
    is_deleted bool default false,
    update_date date default current_date
);

create table stg.transactions (
	id integer,
	transaction_hash text,
    external_wallet_address text,
    owner_wallet_address text,
    amount varchar(100),
    fee varchar(100),
    contract_id int,
    transaction_state_id int,
    gate_id int,
    project_id int,
	create_date date
);

create table dwh.contracts (
    id serial primary key,
    bk_contract_id int,
    currency varchar(15),
    address_test varchar(255),
    address_prod varchar(255),
    is_deleted bool default false,
    update_date date default current_date
);

create table dwh.projects (
	id serial primary key,
    bk_project_id int,
	title text,
	api_key text,
    is_deleted bool default false,
    update_date date default current_date
);


create table dwh.transactions (
	id serial primary key,
	transaction_hash text,
    external_wallet_address text,
    owner_wallet_address text,
    amount varchar(100),
    fee varchar(100),
    contract_id int,
    project_id int,
    create_date date
);

CREATE TABLE contracts (
    id SERIAL PRIMARY KEY,
    currency VARCHAR(15),
    address_test VARCHAR(255),
    address_prod VARCHAR(255)
);

CREATE TABLE transaction_states (
    id INTEGER PRIMARY KEY,
    title VARCHAR(255)
);

CREATE TABLE gates (
    id SERIAL PRIMARY KEY,
    title VARCHAR(20)
);

CREATE TABLE projects (
    id SERIAL PRIMARY KEY,
    title VARCHAR(255) NOT NULL,
    api_key VARCHAR(255) NOT NULL
);

CREATE TABLE transactions (
    id BIGSERIAL PRIMARY KEY,
    transaction_hash VARCHAR(256) NOT NULL,
    external_wallet_address VARCHAR(100) NOT NULL,
    owner_wallet_address VARCHAR(100),
    amount NUMERIC(30, 18),
    contract_id BIGINT REFERENCES contracts(id),
    fee NUMERIC(30, 18) DEFAULT 0.0,
    is_prod_network SMALLINT DEFAULT 0,
    transaction_state_id INT REFERENCES transaction_states(id),
    gate_id INT REFERENCES gates(id),
    project_id BIGINT REFERENCES projects(id),
    ext_id BIGINT,
    block_number BIGINT,
    block_conf INT DEFAULT 20,
    create_date TIMESTAMP NOT NULL DEFAULT NOW(),
    update_date TIMESTAMP NOT NULL DEFAULT NOW()
);


INSERT INTO transaction_states (id, title)
VALUES (1, 'Initial'),
 (4, 'Processing'),
 (5, 'Checking'),
 (8, 'Success'),
 (9, 'Failed'),
 (10, 'WaitingAFCheck'),
 (11, 'AFBlocked');

INSERT INTO gates (id, title)
VALUES (1, 'DEBIT'),
 (2, 'CREDIT'),
 (3, 'COLLECT');
 
INSERT INTO projects (title, api_key)
VALUES
    ('Project 1', 'api_key_4f92c1e7a8b641239df0b7e3c12fdb73'),
    ('Project 2',  'api_key_c98ad73f21b9470fb32de19af40e82cc'),
    ('Project 3', 'api_key_0af3e91b72cc4a1f8d9e6b54a22c3d10'),
    ('Project I', 'api_key_4f92c1e7a8b641239df0b7e3c12fdb73'),
    ('Project II',  'api_key_c98ad73f21b9470fb32de19af40e82cc'),
    ('Project III', 'api_key_4f92c1e7a8b641239df0b7e3c12fdb73'),
    ('Project 11',  'api_key_c98ad73f21b9470fb32de19af40e82cc'),
    ('Project 22', 'api_key_4f92c1e7a8b641239df0b7e3c12fdb73'),
    ('Project 33',  'api_key_c98ad73f21b9470fb32de19af40e82cc');

INSERT INTO contracts (id, currency, address_test, address_prod)
VALUES (1, 'TRX', '', ''),
 (2, 'USDT-TRC20', 'TG3XXyExBkPp9nzdajDZsozEu4BkaSJozs', 'TR7NHqjeKQxGTCi8q8ZY4pL8otSzgjLj6t'),
 (3, 'USDC-TRC20', 'TSdZwNqpHofzP6BsBKGQUWdBeJphLmF6id', 'TEkxiTehnzSmSe2XqrBj4w32RUN966rdz8'),
 (4, 'Energy', '', '');

   
INSERT INTO transactions (transaction_hash,external_wallet_address,owner_wallet_address,fee,ext_id,block_number,create_date,amount,transaction_state_id,gate_id,project_id,contract_id,is_prod_network,block_conf,update_date) VALUES
	 ('d83b0bebea68d8150c020f421efdd9064feef02077539fb69ba1ad7b950c5e2d','TPSiY6mhGvg8nkcZQC8DxYNCMUZnxrqmcv','TMKkjX1bUAFRwnSugRTRzf6MfkwiwsW2db',0.000000000000000000,NULL,77799317,'2025-11-25 11:33:39.131908',5.000000000000000000,8,3,3,2,1,20,'2025-11-25 11:34:43'),
	 ('53dba4958501cb4c3b1017ce9bc09910a2c2eff6e46841440533b7abc5e55635','TMKkjX1bUAFRwnSugRTRzf6MfkwiwsW2db','TX51kMnCJCtfqj5X4E5HEsLCjbCtvhKTnU',0.000000000000000000,NULL,77799295,'2025-11-25 11:32:36.750566',0.000000000000000000,8,1,3,4,1,20,'2025-11-25 11:33:37'),
	 ('f6ce2c17c333d63b1d43b56b2c815d3a83c159ab5171f0bc577387ea5493389d','TMKkjX1bUAFRwnSugRTRzf6MfkwiwsW2db','TPSiY6mhGvg8nkcZQC8DxYNCMUZnxrqmcv',1.100000000000000000,NULL,77799272,'2025-11-25 11:31:25.777745',0.100000000000000000,8,3,3,1,1,20,'2025-11-25 11:32:30'),
	 ('b9200f980fc096e85fd647a0143c81d61d5e711ad5af54cd45da92e6db24f24c','TMKkjX1bUAFRwnSugRTRzf6MfkwiwsW2db','TAAbHmDVoUNt24bxWrk5TVyUHxD1FtJE8D',13.028500000000000000,NULL,77799250,'2025-11-25 11:30:21.835643',5.000000000000000000,8,1,3,2,1,20,'2025-11-25 11:31:22'),
	 ('d6e2f1568e715d9cb0f3294bbbab93ca1e86cb1fdf72704476dfe74c82356e41','TGKQi73YhjcKVjTiLFL6pKoce4spBSqb8C','TM3SZXhx6NWnZhwBFhxSweoiWL4sinMmRS',0.000000000000000000,NULL,77774274,'2025-11-24 14:41:10.609413',0.000002000000000000,8,1,4,1,1,20,'2025-11-24 14:42:11'),
	 ('af2b2e46aecd67f39a1895527a059aef7e78ee78cd4a69d34c4ecb9d1279d152','TGKQi73YhjcKVjTiLFL6pKoce4spBSqb8C','TGq2vRwvBxVPxFdiUuqsfk79zfsV9bKCRS',6.773500000000000000,NULL,77774272,'2025-11-24 14:41:04.661674',20000.000000000000000000,8,1,4,2,1,20,'2025-11-24 14:42:05'),
	 ('3f5d2c16dc5c55ceb986852c2a1a573cd4e7924e3d14e84a5976a535ee17a9ca','TPSiY6mhGvg8nkcZQC8DxYNCMUZnxrqmcv','TGoKJqBUAzjuigv5XD1iumLPQiRGqBKgpK',0.000000000000000000,NULL,77664404,'2025-11-20 19:06:02.172186',1500.000000000000000000,8,3,3,2,1,20,'2025-11-20 19:07:07'),
	 ('d681a823bdf3b1fb089937a419eb50448c773a99b31e6bc56a53ea1a253c8479','TGoKJqBUAzjuigv5XD1iumLPQiRGqBKgpK','TX51kMnCJCtfqj5X4E5HEsLCjbCtvhKTnU',0.000000000000000000,NULL,77664382,'2025-11-20 19:05:02.172779',0.000000000000000000,8,1,3,4,1,20,'2025-11-20 19:06:01'),
	 ('7d1d1e81cc12047329810b2aac89686c24cce3386d595f2b84769829eb5194e4','TGoKJqBUAzjuigv5XD1iumLPQiRGqBKgpK','TTvejBfYq23ySAwHzUZmuYwZ8xC8Ha6weA',13.028500000000000000,NULL,77664357,'2025-11-20 19:03:47.449991',1500.000000000000000000,8,1,3,2,1,20,'2025-11-20 19:04:45'),
	 ('9a554d623af18e617890681d1d4004c4ee153ce81dfeb928766051226108f135','TV3Sz4Tt8GHmHnev92fevtmPq4x4mtE8ns','TYSGZqM7X6vMB8Jfr1HJKnC7GZA5uLBZku',0.000000000000000000,NULL,NULL,'2025-11-20 14:45:17.999598',26.478651000000000000,1,3,3,1,0,20,'2025-11-20 14:45:17.999598');
INSERT INTO transactions (transaction_hash,external_wallet_address,owner_wallet_address,fee,ext_id,block_number,create_date,amount,transaction_state_id,gate_id,project_id,contract_id,is_prod_network,block_conf,update_date) VALUES
	 ('9a554d623af18e617890681d1d4004c4ee153ce81dfeb928766051226108f135','TV3Sz4Tt8GHmHnev92fevtmPq4x4mtE8ns','TYSGZqM7X6vMB8Jfr1HJKnC7GZA5uLBZku',0.000000000000000000,NULL,NULL,'2025-11-20 14:45:17.982709',26.478651000000000000,1,3,3,1,0,20,'2025-11-20 14:45:17.982709'),
	 ('331ebc5a3ef34c08961a7118cd719bc95e35a32b49b7f3f1dcb7a6931c0022e7','TV3Sz4Tt8GHmHnev92fevtmPq4x4mtE8ns','TYSGZqM7X6vMB8Jfr1HJKnC7GZA5uLBZku',0.000000000000000000,NULL,59879323,'2025-11-20 14:45:07.917911',26.746651000000000000,8,3,3,1,0,20,'2025-11-20 14:46:12'),
	 ('893d5c01e4c04ab52c992d91462af2336733c36afac760fd5325c2b49864cf5a','TV3Sz4Tt8GHmHnev92fevtmPq4x4mtE8ns','TXTkcaFY4uAKxLjwRinRWexhcMGe6Dss2n',0.000000000000000000,NULL,59879304,'2025-11-20 14:44:01.832452',14.915550000000000000,8,3,3,1,0,20,'2025-11-20 14:45:17'),
	 ('8ac3e8fe2f655bdc9e08d348a68d70f30e295cfd85a01e64056faff95b695e5a','TV3Sz4Tt8GHmHnev92fevtmPq4x4mtE8ns','TYSGZqM7X6vMB8Jfr1HJKnC7GZA5uLBZku',3.084450000000000000,NULL,59879300,'2025-11-20 14:43:56.807205',4.000000000000000000,8,3,3,2,0,20,'2025-11-20 14:45:08'),
	 ('dffcf350ecc3e162bdabcfeee17bbac2623f650ab18ed5b461d3fdc41f5c1f5b','TV3Sz4Tt8GHmHnev92fevtmPq4x4mtE8ns','TYSGZqM7X6vMB8Jfr1HJKnC7GZA5uLBZku',3.084450000000000000,NULL,59879300,'2025-11-20 14:43:47.525183',4.000000000000000000,8,3,3,2,0,20,'2025-11-20 14:45:07'),
	 ('cb0dfafad2f739839545b218133e38d37afbe6cb8a4b8804ddd7f4dfba2f8b28','TV3Sz4Tt8GHmHnev92fevtmPq4x4mtE8ns','TYSGZqM7X6vMB8Jfr1HJKnC7GZA5uLBZku',3.084450000000000000,NULL,59879293,'2025-11-20 14:43:25.003262',4.000000000000000000,8,3,3,2,0,20,'2025-11-20 14:44:53'),
	 ('a7f222c4c6f6100ba6055cc4267e3f45d28c0b23c93f7504124eeb9c68155f9c','TYSGZqM7X6vMB8Jfr1HJKnC7GZA5uLBZku','TV3Sz4Tt8GHmHnev92fevtmPq4x4mtE8ns',0.000000000000000000,NULL,NULL,'2025-11-20 14:41:35.085798',18.000000000000000000,1,3,3,1,0,20,'2025-11-20 14:41:35.085798'),
	 ('a7f222c4c6f6100ba6055cc4267e3f45d28c0b23c93f7504124eeb9c68155f9c','TYSGZqM7X6vMB8Jfr1HJKnC7GZA5uLBZku','TV3Sz4Tt8GHmHnev92fevtmPq4x4mtE8ns',0.268000000000000000,NULL,59879254,'2025-11-20 14:41:35.052786',18.000000000000000000,8,3,3,1,0,20,'2025-11-20 14:43:51'),
	 ('599d4ddfd0964de73768dd23e97129f5f3ee9bee4c8456d8e8598c9880698462','TYSGZqM7X6vMB8Jfr1HJKnC7GZA5uLBZku','TV3Sz4Tt8GHmHnev92fevtmPq4x4mtE8ns',0.268000000000000000,NULL,59879252,'2025-11-20 14:41:30.188030',18.000000000000000000,8,3,3,1,0,20,'2025-11-20 14:43:20'),
	 ('dd1feff5e5f26be55a8a79ae734bb211177914d9ab64e47dfada676308fb493f','TV3Sz4Tt8GHmHnev92fevtmPq4x4mtE8ns','TXTkcaFY4uAKxLjwRinRWexhcMGe6Dss2n',3.084450000000000000,NULL,59879248,'2025-11-20 14:41:17.385687',3.000000000000000000,8,3,3,2,0,20,'2025-11-20 14:43:47');
INSERT INTO transactions (transaction_hash,external_wallet_address,owner_wallet_address,fee,ext_id,block_number,create_date,amount,transaction_state_id,gate_id,project_id,contract_id,is_prod_network,block_conf,update_date) VALUES
	 ('6586307c9ae2a8e7123ea1fb69a8e6eb12f6783b5c96aee60fe3117cb70c2424','TYSGZqM7X6vMB8Jfr1HJKnC7GZA5uLBZku','TRdnL5XkkA4jeyMTusH4HVrNWj2c4CNuyS',3.084450000000000000,NULL,59879214,'2025-11-20 14:39:48.896674',4.000000000000000000,8,1,3,2,0,20,'2025-11-20 14:41:08'),
	 ('0530e45ba3961fea3ef8ee2c912a83e5bf4ea0eebed8673dad13eaa14d891704','TXTkcaFY4uAKxLjwRinRWexhcMGe6Dss2n','TV3Sz4Tt8GHmHnev92fevtmPq4x4mtE8ns',0.268000000000000000,NULL,59879215,'2025-11-20 14:39:41.850365',18.000000000000000000,8,3,3,1,0,20,'2025-11-20 14:40:59'),
	 ('f0022e3c6456dee64efec9ed07ca7cea8bb58607938bb828133fb7fed0557a8c','TXTkcaFY4uAKxLjwRinRWexhcMGe6Dss2n','TRdnL5XkkA4jeyMTusH4HVrNWj2c4CNuyS',3.084450000000000000,NULL,59879192,'2025-11-20 14:38:42.881165',3.000000000000000000,8,1,3,2,0,20,'2025-11-20 14:39:39'),
	 ('e6294fad5c2bdc9cc8797ce4de11cff2cdf125af422a852f683ebd990d344388','TUnoEtHHQEncTApc6hBcAtWUgpEemBr5ED','TRdnL5XkkA4jeyMTusH4HVrNWj2c4CNuyS',3.084450000000000000,NULL,59879177,'2025-11-20 14:37:50.921771',1.000000000000000000,8,1,3,2,0,20,'2025-11-20 14:38:57'),
	 ('b686bd5d8630ec43b4e1ebb60e94fce2ca67cc952128103acc3fee730b18ebe0','TQcVNbDsJZKY2UwbiRVcUZY7nvXTVikUKF','TV3Sz4Tt8GHmHnev92fevtmPq4x4mtE8ns',6.234450000000000000,783,59877726,'2025-11-20 13:24:15.150177',19.280000000000000000,8,2,3,2,0,20,'2025-11-20 13:25:54'),
	 ('1c8e83a783bb566f8987fb69600e6d52f8ae3d2dd68c61acd0f3a466053b8f23','TV3Sz4Tt8GHmHnev92fevtmPq4x4mtE8ns','TYSGZqM7X6vMB8Jfr1HJKnC7GZA5uLBZku',0.268000000000000000,NULL,59876802,'2025-11-20 12:37:46.924268',17.214589999999998000,8,3,3,1,0,20,'2025-11-20 12:39:05'),
	 ('24236bdea53fd246edba90b56bf473676c677b8b79c0b7eef4162ccd57ac3238','TV3Sz4Tt8GHmHnev92fevtmPq4x4mtE8ns','TXTkcaFY4uAKxLjwRinRWexhcMGe6Dss2n',0.268000000000000000,NULL,59876799,'2025-11-20 12:37:32.764612',17.214800000000000000,8,3,3,1,0,20,'2025-11-20 12:38:56'),
	 ('68019ac199c9e6c9c433304b6996b3ece1e2663f8ebfd5a66ee30fb5386ecdf8','TV3Sz4Tt8GHmHnev92fevtmPq4x4mtE8ns','TYSGZqM7X6vMB8Jfr1HJKnC7GZA5uLBZku',0.517410000000000000,NULL,59876770,'2025-11-20 12:36:10.966816',102.000000000000000000,9,3,3,2,0,20,'2025-11-20 12:37:27'),
	 ('ec2ba52ceb7bbfcac7e64c38ca2b8c0e5e992806e2065dbfc9214a821d2ce598','TV3Sz4Tt8GHmHnev92fevtmPq4x4mtE8ns','TXTkcaFY4uAKxLjwRinRWexhcMGe6Dss2n',0.517200000000000000,NULL,59876767,'2025-11-20 12:35:57.764305',31.000000000000000000,9,3,3,2,0,20,'2025-11-20 12:37:18'),
	 ('9940ace718b0b34ee4197f21d82285c31fbdb12e02bc964fcdbbc92b74220e74','TYSGZqM7X6vMB8Jfr1HJKnC7GZA5uLBZku','TV3Sz4Tt8GHmHnev92fevtmPq4x4mtE8ns',0.268000000000000000,NULL,59876742,'2025-11-20 12:34:45.656587',18.000000000000000000,8,3,3,1,0,20,'2025-11-20 12:36:07');
INSERT INTO transactions (transaction_hash,external_wallet_address,owner_wallet_address,fee,ext_id,block_number,create_date,amount,transaction_state_id,gate_id,project_id,contract_id,is_prod_network,block_conf,update_date) VALUES
	 ('85d00c178cfbde4aa2e9f259017a2a8db24a1c80c6026ec3343419e4b2d44d08','TYSGZqM7X6vMB8Jfr1HJKnC7GZA5uLBZku','TRdnL5XkkA4jeyMTusH4HVrNWj2c4CNuyS',3.084450000000000000,NULL,59875972,'2025-11-20 12:34:41.760105',102.000000000000000000,8,1,3,2,0,20,'2025-11-20 12:34:42'),
	 ('e15a5814a9c7efaf987357226a9b6da5a09454043c2c96acdc213a38e19afb23','TXTkcaFY4uAKxLjwRinRWexhcMGe6Dss2n','TV3Sz4Tt8GHmHnev92fevtmPq4x4mtE8ns',0.268000000000000000,NULL,59876736,'2025-11-20 12:34:23.837022',18.000000000000000000,8,3,3,1,0,20,'2025-11-20 12:35:49'),
	 ('df93e8813f0523595ac2949b6df4452c3a5b2b460fa9a28c838de2ca7c711a25','TXTkcaFY4uAKxLjwRinRWexhcMGe6Dss2n','TRdnL5XkkA4jeyMTusH4HVrNWj2c4CNuyS',3.084450000000000000,NULL,59875941,'2025-11-20 12:34:15.849204',31.000000000000000000,8,1,3,2,0,20,'2025-11-20 12:34:21'),
	 ('abd9ba8849aace22317e37e6f0c8c2406cd6e801228629bc7f4cf2a300c4bee0','TV3Sz4Tt8GHmHnev92fevtmPq4x4mtE8ns','TYSGZqM7X6vMB8Jfr1HJKnC7GZA5uLBZku',0.000000000000000000,NULL,NULL,'2025-11-20 12:26:26.578455',46.873280000000000000,1,3,3,1,0,20,'2025-11-20 12:26:26.578455'),
	 ('abd9ba8849aace22317e37e6f0c8c2406cd6e801228629bc7f4cf2a300c4bee0','TV3Sz4Tt8GHmHnev92fevtmPq4x4mtE8ns','TYSGZqM7X6vMB8Jfr1HJKnC7GZA5uLBZku',0.268000000000000000,NULL,59876577,'2025-11-20 12:26:26.105844',46.873280000000000000,8,3,3,1,0,20,'2025-11-20 12:27:36'),
	 ('60332b7add929c00b3f75a08a1537bdce34f32a4e2b7a722fa0bddff4bc6ad44','TV3Sz4Tt8GHmHnev92fevtmPq4x4mtE8ns','TXTkcaFY4uAKxLjwRinRWexhcMGe6Dss2n',0.000000000000000000,NULL,NULL,'2025-11-20 12:25:30.681225',11.908310000000000000,1,3,3,1,0,20,'2025-11-20 12:25:30.681225'),
	 ('0600f8cf27173d7dda4ab0e0f4e33fb59c964dd7a89717177232809c8252c43b','TV3Sz4Tt8GHmHnev92fevtmPq4x4mtE8ns','TXTkcaFY4uAKxLjwRinRWexhcMGe6Dss2n',0.268000000000000000,NULL,59876554,'2025-11-20 12:25:16.381960',11.908310000000000000,8,3,3,1,0,20,'2025-11-20 12:27:54'),
	 ('2008488f912586d7b239c7581182288d7969af2ad52b4d15320295022c4a15fb','TV3Sz4Tt8GHmHnev92fevtmPq4x4mtE8ns','TYSGZqM7X6vMB8Jfr1HJKnC7GZA5uLBZku',0.517410000000000000,NULL,59876553,'2025-11-20 12:25:13.684140',73.000000000000000000,9,3,3,2,0,20,'2025-11-20 12:26:21'),
	 ('7b4ca71144d22c188ee0d35b19a4caa535ed44fa5af691cf14022dd84ad93aa4','TV3Sz4Tt8GHmHnev92fevtmPq4x4mtE8ns','TYSGZqM7X6vMB8Jfr1HJKnC7GZA5uLBZku',0.517410000000000000,NULL,59876553,'2025-11-20 12:25:13.535887',73.000000000000000000,9,3,3,2,0,20,'2025-11-20 12:26:21'),
	 ('c5ed92f33121772a7cce4c66141fea6757addeafa790fc4a7a4cb75135c8953a','TV3Sz4Tt8GHmHnev92fevtmPq4x4mtE8ns','TYSGZqM7X6vMB8Jfr1HJKnC7GZA5uLBZku',3.084450000000000000,NULL,59876551,'2025-11-20 12:25:06.919162',73.000000000000000000,8,3,3,2,0,20,'2025-11-20 12:28:18');
INSERT INTO transactions (transaction_hash,external_wallet_address,owner_wallet_address,fee,ext_id,block_number,create_date,amount,transaction_state_id,gate_id,project_id,contract_id,is_prod_network,block_conf,update_date) VALUES
	 ('8d9b241780552f39fe2125e4753d96fe33d20db682c4735e43d9559739253f08','TV3Sz4Tt8GHmHnev92fevtmPq4x4mtE8ns','TYSGZqM7X6vMB8Jfr1HJKnC7GZA5uLBZku',2.739450000000000000,NULL,59876551,'2025-11-20 12:25:06.044203',73.000000000000000000,8,3,3,2,0,20,'2025-11-20 12:28:13'),
	 ('9d9fefceb3d1a53015cf7e4a7d074ece6c2380cf2ff609d88f11e3f992a80f84','TV3Sz4Tt8GHmHnev92fevtmPq4x4mtE8ns','TXTkcaFY4uAKxLjwRinRWexhcMGe6Dss2n',3.084450000000000000,NULL,59876533,'2025-11-20 12:24:13.593275',29.000000000000000000,8,3,3,2,0,20,'2025-11-20 12:25:22'),
	 ('1360c140d256525d7bbe5760dd140d29e63fc6a38f5da6ccc9cd264091d515ac','TYSGZqM7X6vMB8Jfr1HJKnC7GZA5uLBZku','TV3Sz4Tt8GHmHnev92fevtmPq4x4mtE8ns',0.268000000000000000,NULL,59876527,'2025-11-20 12:23:54.981150',18.000000000000000000,8,3,3,1,0,20,'2025-11-20 12:25:07'),
	 ('5d55b628b35d1afa52e4e9270a301b5f2e83083bc73a44a6baae537931183e15','TV3Sz4Tt8GHmHnev92fevtmPq4x4mtE8ns','TXTkcaFY4uAKxLjwRinRWexhcMGe6Dss2n',2.739240000000000000,NULL,59876527,'2025-11-20 12:23:51.018003',29.000000000000000000,8,3,3,2,0,20,'2025-11-20 12:25:07'),
	 ('6abeec725b6949f3304b393901bae3489d3ed841bb1f92119fb280a567c0e7b5','TYSGZqM7X6vMB8Jfr1HJKnC7GZA5uLBZku','TV3Sz4Tt8GHmHnev92fevtmPq4x4mtE8ns',0.268000000000000000,NULL,59876525,'2025-11-20 12:23:49.912361',18.000000000000000000,8,3,3,1,0,20,'2025-11-20 12:25:06'),
	 ('03878de836bf1518ed2aa2dfaf54e0ef4112cf73384635c314cd4f9835a4feca','TYSGZqM7X6vMB8Jfr1HJKnC7GZA5uLBZku','TV3Sz4Tt8GHmHnev92fevtmPq4x4mtE8ns',0.000000000000000000,NULL,NULL,'2025-11-20 12:23:40.884070',18.000000000000000000,1,3,3,1,0,20,'2025-11-20 12:23:40.884070'),
	 ('03878de836bf1518ed2aa2dfaf54e0ef4112cf73384635c314cd4f9835a4feca','TYSGZqM7X6vMB8Jfr1HJKnC7GZA5uLBZku','TV3Sz4Tt8GHmHnev92fevtmPq4x4mtE8ns',0.000000000000000000,NULL,NULL,'2025-11-20 12:23:40.880534',18.000000000000000000,1,3,3,1,0,20,'2025-11-20 12:23:40.880534'),
	 ('03878de836bf1518ed2aa2dfaf54e0ef4112cf73384635c314cd4f9835a4feca','TYSGZqM7X6vMB8Jfr1HJKnC7GZA5uLBZku','TV3Sz4Tt8GHmHnev92fevtmPq4x4mtE8ns',0.000000000000000000,NULL,NULL,'2025-11-20 12:23:37.033439',18.000000000000000000,1,3,3,1,0,20,'2025-11-20 12:23:37.033439'),
	 ('03878de836bf1518ed2aa2dfaf54e0ef4112cf73384635c314cd4f9835a4feca','TYSGZqM7X6vMB8Jfr1HJKnC7GZA5uLBZku','TV3Sz4Tt8GHmHnev92fevtmPq4x4mtE8ns',1.100000000000000000,NULL,59876522,'2025-11-20 12:23:36.805042',18.000000000000000000,8,3,3,1,0,20,'2025-11-20 12:25:02'),
	 ('39a392ef6a15deff34fecd725124a61bac611e69ccdc78604972578bc77f8308','TXTkcaFY4uAKxLjwRinRWexhcMGe6Dss2n','TV3Sz4Tt8GHmHnev92fevtmPq4x4mtE8ns',0.000000000000000000,NULL,NULL,'2025-11-20 12:22:16.528063',18.000000000000000000,1,3,3,1,0,20,'2025-11-20 12:22:16.528063');
INSERT INTO transactions (transaction_hash,external_wallet_address,owner_wallet_address,fee,ext_id,block_number,create_date,amount,transaction_state_id,gate_id,project_id,contract_id,is_prod_network,block_conf,update_date) VALUES
	 ('39a392ef6a15deff34fecd725124a61bac611e69ccdc78604972578bc77f8308','TXTkcaFY4uAKxLjwRinRWexhcMGe6Dss2n','TV3Sz4Tt8GHmHnev92fevtmPq4x4mtE8ns',1.100000000000000000,NULL,59876497,'2025-11-20 12:22:16.436221',18.000000000000000000,8,3,3,1,0,20,'2025-11-20 12:23:55'),
	 ('d5b9a81a4d616b2d5a897d1b9604a62139b7c2e819f16aa0482d65f8ae095ce2','TYSGZqM7X6vMB8Jfr1HJKnC7GZA5uLBZku','TRdnL5XkkA4jeyMTusH4HVrNWj2c4CNuyS',0.000000000000000000,NULL,59875953,'2025-11-20 11:56:42.296530',73.000000000000000000,5,1,3,2,0,20,'2025-11-20 11:56:42.296530'),
	 ('d5b9a81a4d616b2d5a897d1b9604a62139b7c2e819f16aa0482d65f8ae095ce2','TYSGZqM7X6vMB8Jfr1HJKnC7GZA5uLBZku','TRdnL5XkkA4jeyMTusH4HVrNWj2c4CNuyS',0.000000000000000000,NULL,59875953,'2025-11-20 11:56:42.260839',73.000000000000000000,5,1,3,2,0,20,'2025-11-20 11:56:42.260839'),
	 ('d5b9a81a4d616b2d5a897d1b9604a62139b7c2e819f16aa0482d65f8ae095ce2','TYSGZqM7X6vMB8Jfr1HJKnC7GZA5uLBZku','TRdnL5XkkA4jeyMTusH4HVrNWj2c4CNuyS',0.000000000000000000,NULL,59875953,'2025-11-20 11:56:36.799989',73.000000000000000000,5,1,3,2,0,20,'2025-11-20 11:56:36.799989'),
	 ('d5b9a81a4d616b2d5a897d1b9604a62139b7c2e819f16aa0482d65f8ae095ce2','TYSGZqM7X6vMB8Jfr1HJKnC7GZA5uLBZku','TRdnL5XkkA4jeyMTusH4HVrNWj2c4CNuyS',6.234450000000000000,NULL,59875953,'2025-11-20 11:56:36.531236',73.000000000000000000,8,1,3,2,0,20,'2025-11-20 12:23:18'),
	 ('17017d240eafb96f3d7f3f44c94b7e7d1b6be731253b53a56c27a5f712e631a9','TXTkcaFY4uAKxLjwRinRWexhcMGe6Dss2n','TRdnL5XkkA4jeyMTusH4HVrNWj2c4CNuyS',6.234450000000000000,NULL,59875930,'2025-11-20 11:56:25.515353',29.000000000000000000,8,1,3,2,0,20,'2025-11-20 12:21:54'),
	 ('d8c3e916ca5be933467c065366bf8955cb43f4ac8b2841ec5319c27a2c377398','TUnoEtHHQEncTApc6hBcAtWUgpEemBr5ED','TRdnL5XkkA4jeyMTusH4HVrNWj2c4CNuyS',6.234240000000000000,NULL,59875903,'2025-11-20 11:55:04.116707',13.000000000000000000,8,1,3,2,0,20,'2025-11-20 11:57:11'),
	 ('21692a621399b4e50a29d9753130095a02e3377933a9b6784818714de275ea7b','TUnoEtHHQEncTApc6hBcAtWUgpEemBr5ED','TRdnL5XkkA4jeyMTusH4HVrNWj2c4CNuyS',0.000000000000000000,NULL,59875917,'2025-11-20 11:54:59.144115',17.000000000000000000,5,1,3,2,0,20,'2025-11-20 11:54:59.144115'),
	 ('21692a621399b4e50a29d9753130095a02e3377933a9b6784818714de275ea7b','TUnoEtHHQEncTApc6hBcAtWUgpEemBr5ED','TRdnL5XkkA4jeyMTusH4HVrNWj2c4CNuyS',3.084450000000000000,NULL,59875917,'2025-11-20 11:54:59.142335',17.000000000000000000,8,1,3,2,0,20,'2025-11-20 11:55:53'),
	 ('dfc55dde2c94d8e793d497cd622fddfefe606e5cf8554298f1e23733d39261f2','TRdnL5XkkA4jeyMTusH4HVrNWj2c4CNuyS','TV3Sz4Tt8GHmHnev92fevtmPq4x4mtE8ns',3.084450000000000000,776,59873810,'2025-11-20 10:06:40.926448',6.260000000000000000,8,2,3,2,0,20,'2025-11-20 10:07:46');
INSERT INTO transactions (transaction_hash,external_wallet_address,owner_wallet_address,fee,ext_id,block_number,create_date,amount,transaction_state_id,gate_id,project_id,contract_id,is_prod_network,block_conf,update_date) VALUES
	 ('3789b03ec9b925cb4630029a24345f23ea390b05b35b80cbb10988adb9275da5','TRdnL5XkkA4jeyMTusH4HVrNWj2c4CNuyS','TV3Sz4Tt8GHmHnev92fevtmPq4x4mtE8ns',3.084240000000000000,775,59873807,'2025-11-20 10:06:30.516322',6.050000000000000000,8,2,3,2,0,20,'2025-11-20 10:07:36'),
	 ('e1189b0c0a67f04d840dd361f2fd0b8572095adf8546bba48fc4b59d42e51db7','TRdnL5XkkA4jeyMTusH4HVrNWj2c4CNuyS','TV3Sz4Tt8GHmHnev92fevtmPq4x4mtE8ns',3.084450000000000000,774,59873509,'2025-11-20 09:51:31.262561',6.030000000000000000,8,2,3,2,0,20,'2025-11-20 09:52:39'),
	 ('40f31ec481cdaddace9495e0bed4be399299a5fb708cf222fa821785f822554c','TV3Sz4Tt8GHmHnev92fevtmPq4x4mtE8ns','TGaCEPMTmW1j75FAzJZMrhTRrzMq7FnUd5',0.268000000000000000,NULL,59873267,'2025-11-20 09:39:17.842901',41.394200000000000000,8,3,3,1,0,20,'2025-11-20 09:40:27'),
	 ('f9ad572bead1f2965c968f1e30d23f4fb5f2b974f01519e437fef934fa023c34','TV3Sz4Tt8GHmHnev92fevtmPq4x4mtE8ns','TGaCEPMTmW1j75FAzJZMrhTRrzMq7FnUd5',0.000000000000000000,NULL,NULL,'2025-11-20 09:38:36.085445',44.478650000000000000,1,3,3,1,0,20,'2025-11-20 09:38:36.085445'),
	 ('ee433d31a1eadd54668e8c6f5b175215059b3904281a070721db8bc43b6f6ff7','TV3Sz4Tt8GHmHnev92fevtmPq4x4mtE8ns','TGaCEPMTmW1j75FAzJZMrhTRrzMq7FnUd5',0.000000000000000000,NULL,NULL,'2025-11-20 09:38:07.086226',47.563100000000000000,1,3,3,1,0,20,'2025-11-20 09:38:07.086226'),
	 ('08fc5355846b612dc596d67cc9ede08871d32bde2c3d2a4699da3d6c1c30094d','TV3Sz4Tt8GHmHnev92fevtmPq4x4mtE8ns','TGaCEPMTmW1j75FAzJZMrhTRrzMq7FnUd5',3.084450000000000000,NULL,59873243,'2025-11-20 09:38:04.449936',63.000000000000000000,8,3,3,2,0,20,'2025-11-20 09:39:12'),
	 ('4666c9644be928dc29bd1f35bb5c95b940dd41a64d0b1cb3ba3dfffc5f4f9658','TV3Sz4Tt8GHmHnev92fevtmPq4x4mtE8ns','TGaCEPMTmW1j75FAzJZMrhTRrzMq7FnUd5',0.000000000000000000,NULL,NULL,'2025-11-20 09:37:19.721130',65.563100000000000000,1,3,3,1,0,20,'2025-11-20 09:37:19.721130'),
	 ('172fd7d9999f004b10ef49f8f47080fe54e57a84d363dc2c27b746676ee7c94c','TV3Sz4Tt8GHmHnev92fevtmPq4x4mtE8ns','TGaCEPMTmW1j75FAzJZMrhTRrzMq7FnUd5',3.084450000000000000,NULL,59873229,'2025-11-20 09:37:17.275074',28.000000000000000000,8,3,3,2,0,20,'2025-11-20 09:38:30'),
	 ('88ed4f5fb1a93f80f70697ff49916a485b59407e1b9ee03601ddb3cc1751dfe6','TV3Sz4Tt8GHmHnev92fevtmPq4x4mtE8ns','TGaCEPMTmW1j75FAzJZMrhTRrzMq7FnUd5',3.084450000000000000,NULL,59873221,'2025-11-20 09:36:54.866610',19.000000000000000000,8,3,3,2,0,20,'2025-11-20 09:38:02'),
	 ('2f1b4ca9a91fd03a9945eadcd84c351dfe53740f2ff0fb0bb6dc778cc7de6758','TGaCEPMTmW1j75FAzJZMrhTRrzMq7FnUd5','TV3Sz4Tt8GHmHnev92fevtmPq4x4mtE8ns',0.268000000000000000,NULL,59873221,'2025-11-20 09:36:54.532915',18.000000000000000000,8,3,3,1,0,20,'2025-11-20 09:38:02');
INSERT INTO transactions (transaction_hash,external_wallet_address,owner_wallet_address,fee,ext_id,block_number,create_date,amount,transaction_state_id,gate_id,project_id,contract_id,is_prod_network,block_conf,update_date) VALUES
	 ('fa8a122807cbf40f8e39972e667f8504ea3ebffddaf377fee2140f6806c11bfc','TV3Sz4Tt8GHmHnev92fevtmPq4x4mtE8ns','TGaCEPMTmW1j75FAzJZMrhTRrzMq7FnUd5',0.268000000000000000,NULL,59873215,'2025-11-20 09:36:36.072284',32.647550000000000000,8,3,3,1,0,20,'2025-11-20 09:37:42'),
	 ('cb9699b8031d32dc9e331e9237e1a9bb944ca1fdaea9d7f589b37690a7340a9c','TGaCEPMTmW1j75FAzJZMrhTRrzMq7FnUd5','TV3Sz4Tt8GHmHnev92fevtmPq4x4mtE8ns',0.268000000000000000,NULL,59873206,'2025-11-20 09:36:08.542427',18.000000000000000000,8,3,3,1,0,20,'2025-11-20 09:37:15'),
	 ('fd8b6ffae03fe202b2d8adc51a4203a71beecd68a4edb448a7749969c9f8ab1c','TV3Sz4Tt8GHmHnev92fevtmPq4x4mtE8ns','TGaCEPMTmW1j75FAzJZMrhTRrzMq7FnUd5',3.084450000000000000,NULL,59873205,'2025-11-20 09:36:07.856054',12.000000000000000000,8,3,3,2,0,20,'2025-11-20 09:37:13'),
	 ('1fa2aab6291af1096aa4a6cd4200df9ab3d0fcf732e4fb1ce77bc396fa0e13ee','TGaCEPMTmW1j75FAzJZMrhTRrzMq7FnUd5','TRdnL5XkkA4jeyMTusH4HVrNWj2c4CNuyS',3.084450000000000000,NULL,59873195,'2025-11-20 09:35:46.195969',63.000000000000000000,8,1,3,2,0,20,'2025-11-20 09:36:44'),
	 ('ae77004eee685a5aef3b43642d0a03d305a07b0186b40894f3b719a19357fbba','TGaCEPMTmW1j75FAzJZMrhTRrzMq7FnUd5','TV3Sz4Tt8GHmHnev92fevtmPq4x4mtE8ns',0.268000000000000000,NULL,59873195,'2025-11-20 09:35:37.924617',18.000000000000000000,8,3,3,1,0,20,'2025-11-20 09:36:55'),
	 ('6848920e2b5c4468e4cefefc3364b74261a98f02bf1a025858592fee43ef765f','TV3Sz4Tt8GHmHnev92fevtmPq4x4mtE8ns','TGaCEPMTmW1j75FAzJZMrhTRrzMq7FnUd5',3.084450000000000000,NULL,59873190,'2025-11-20 09:35:21.003514',9.000000000000000000,8,3,3,2,0,20,'2025-11-20 09:36:26'),
	 ('17cef94eab4d7e36b23357492878069055d936e7775e2e4613f3e6cb1c089307','TGaCEPMTmW1j75FAzJZMrhTRrzMq7FnUd5','TRdnL5XkkA4jeyMTusH4HVrNWj2c4CNuyS',3.084450000000000000,NULL,59873183,'2025-11-20 09:35:08.355732',28.000000000000000000,8,1,3,2,0,20,'2025-11-20 09:36:06'),
	 ('5c0672e789a0a3c90d19784cde28bd09b240f5d94c9f0d0b2c75d584a5130c3e','TGaCEPMTmW1j75FAzJZMrhTRrzMq7FnUd5','TV3Sz4Tt8GHmHnev92fevtmPq4x4mtE8ns',0.268000000000000000,NULL,59873183,'2025-11-20 09:35:01.060183',18.000000000000000000,8,3,3,1,0,20,'2025-11-20 09:36:05'),
	 ('bff0d7870ad28e514c5ea959a1397f7d63c5fdc97c40b96de80f4f983b465060','TGaCEPMTmW1j75FAzJZMrhTRrzMq7FnUd5','TRdnL5XkkA4jeyMTusH4HVrNWj2c4CNuyS',3.084450000000000000,NULL,59873171,'2025-11-20 09:34:33.940945',19.000000000000000000,8,1,3,2,0,20,'2025-11-20 09:35:35'),
	 ('22156207a5aaee2402fbde2d9997cace5dd066b9f015e8a66eb440f81813c989','TGaCEPMTmW1j75FAzJZMrhTRrzMq7FnUd5','TV3Sz4Tt8GHmHnev92fevtmPq4x4mtE8ns',0.268000000000000000,NULL,59873167,'2025-11-20 09:34:11.995607',18.000000000000000000,8,3,3,1,0,20,'2025-11-20 09:35:19');
INSERT INTO transactions (transaction_hash,external_wallet_address,owner_wallet_address,fee,ext_id,block_number,create_date,amount,transaction_state_id,gate_id,project_id,contract_id,is_prod_network,block_conf,update_date) VALUES
	 ('5bb0c9776eddf73e11c540d6def4c3f6330d5bcd4e8b98396543807a60f85d04','TGaCEPMTmW1j75FAzJZMrhTRrzMq7FnUd5','TRdnL5XkkA4jeyMTusH4HVrNWj2c4CNuyS',3.084450000000000000,NULL,59873160,'2025-11-20 09:34:00.571212',12.000000000000000000,8,1,3,2,0,20,'2025-11-20 09:34:58'),
	 ('7469fe378419c61586b0c25dd04b2ee2db7895643ba52c4ec3e8eb67ff493a1a','TGaCEPMTmW1j75FAzJZMrhTRrzMq7FnUd5','TRdnL5XkkA4jeyMTusH4HVrNWj2c4CNuyS',6.234450000000000000,NULL,59873144,'2025-11-20 09:33:13.203715',9.000000000000000000,8,1,3,2,0,20,'2025-11-20 09:34:09'),
	 ('78867f493a96b2ab42f6953a5cffd5f3427794e34104c20af167377430ff8d7c','TV3Sz4Tt8GHmHnev92fevtmPq4x4mtE8ns','TGaCEPMTmW1j75FAzJZMrhTRrzMq7FnUd5',0.000000000000000000,NULL,NULL,'2025-11-20 09:27:02.329639',78.926420000000000000,1,3,3,1,0,20,'2025-11-20 09:27:02.329639'),
	 ('78867f493a96b2ab42f6953a5cffd5f3427794e34104c20af167377430ff8d7c','TV3Sz4Tt8GHmHnev92fevtmPq4x4mtE8ns','TGaCEPMTmW1j75FAzJZMrhTRrzMq7FnUd5',0.000000000000000000,NULL,NULL,'2025-11-20 09:27:02.328875',78.926420000000000000,1,3,3,1,0,20,'2025-11-20 09:27:02.328875'),
	 ('29c42157826941424f1d69fac201144f04ae13b60e0e9f2c17764a1302fe35fe','TV3Sz4Tt8GHmHnev92fevtmPq4x4mtE8ns','TGaCEPMTmW1j75FAzJZMrhTRrzMq7FnUd5',0.268000000000000000,NULL,59873024,'2025-11-20 09:26:56.415625',78.926420000000000000,8,3,3,1,0,20,'2025-11-20 09:28:02'),
	 ('6b146b3842970da1de7f7fc9764bf555e5e2bcb45bd00805425740c120f98d01','TV3Sz4Tt8GHmHnev92fevtmPq4x4mtE8ns','TGaCEPMTmW1j75FAzJZMrhTRrzMq7FnUd5',0.000000000000000000,NULL,NULL,'2025-11-20 09:26:51.206717',82.528280000000000000,1,3,3,1,0,20,'2025-11-20 09:26:51.206717'),
	 ('6b3e66f478589241289f07998672223d37df210f52fb815f008283ff17c943f4','TV3Sz4Tt8GHmHnev92fevtmPq4x4mtE8ns','TGaCEPMTmW1j75FAzJZMrhTRrzMq7FnUd5',0.000000000000000000,NULL,NULL,'2025-11-20 09:26:38.326478',83.563100000000000000,1,3,3,1,0,20,'2025-11-20 09:26:38.326478'),
	 ('d56c68b18870a2fdf836b69dfe01b7c05a2080101ea3de8d99b29d0307d1daca','TV3Sz4Tt8GHmHnev92fevtmPq4x4mtE8ns','TGaCEPMTmW1j75FAzJZMrhTRrzMq7FnUd5',3.084450000000000000,NULL,59873002,'2025-11-20 09:25:50.969732',18.000000000000000000,8,3,3,2,0,20,'2025-11-20 09:26:57'),
	 ('cad01e5a19441b39777027fa26f6934aaaf7821e34bd34c052e0a5860da0d80c','TV3Sz4Tt8GHmHnev92fevtmPq4x4mtE8ns','TGaCEPMTmW1j75FAzJZMrhTRrzMq7FnUd5',0.517410000000000000,NULL,59873002,'2025-11-20 09:25:50.953011',18.000000000000000000,9,3,3,2,0,20,'2025-11-20 09:26:57'),
	 ('8effef5e4640f8077ccf14769c5537f96406edfe84ef4fe8ac2b997ea5fe7ab4','TV3Sz4Tt8GHmHnev92fevtmPq4x4mtE8ns','TGaCEPMTmW1j75FAzJZMrhTRrzMq7FnUd5',0.000000000000000000,NULL,NULL,'2025-11-20 09:25:40.307794',83.908100000000000000,1,3,3,1,0,20,'2025-11-20 09:25:40.307794');
INSERT INTO transactions (transaction_hash,external_wallet_address,owner_wallet_address,fee,ext_id,block_number,create_date,amount,transaction_state_id,gate_id,project_id,contract_id,is_prod_network,block_conf,update_date) VALUES
	 ('3a35cfa6cb062edcfdcaa7bdd7e794fad8a91d6dea1541757ddac304fa063172','TV3Sz4Tt8GHmHnev92fevtmPq4x4mtE8ns','TGaCEPMTmW1j75FAzJZMrhTRrzMq7FnUd5',0.517410000000000000,NULL,59872998,'2025-11-20 09:25:40.067473',20.000000000000000000,9,3,3,2,0,20,'2025-11-20 09:26:51'),
	 ('29944339245992806b785a8f0a7203f832ff11e8025e09ceec599433e5792622','TV3Sz4Tt8GHmHnev92fevtmPq4x4mtE8ns','TGaCEPMTmW1j75FAzJZMrhTRrzMq7FnUd5',0.517410000000000000,NULL,59872997,'2025-11-20 09:25:37.076581',20.000000000000000000,9,3,3,2,0,20,'2025-11-20 09:26:42'),
	 ('2409eeb95138b3c75f7f4ff0433b8d6e7e05315792ab2d28f52efa7aee2e7ad0','TV3Sz4Tt8GHmHnev92fevtmPq4x4mtE8ns','TGaCEPMTmW1j75FAzJZMrhTRrzMq7FnUd5',3.084450000000000000,NULL,59872994,'2025-11-20 09:25:28.352265',20.000000000000000000,8,3,3,2,0,20,'2025-11-20 09:26:33'),
	 ('7bbca82e439c9adfc9bd13330f8c85d57aa6a01b0b9d232d4f790e529e7b94b0','TGaCEPMTmW1j75FAzJZMrhTRrzMq7FnUd5','TV3Sz4Tt8GHmHnev92fevtmPq4x4mtE8ns',0.268000000000000000,NULL,59872979,'2025-11-20 09:24:39.816419',18.000000000000000000,8,3,3,1,0,20,'2025-11-20 09:25:48'),
	 ('9c7e8de0b155ff03796f99ae0b95556e51e4217d5caaca29c41b753cf64f1f8c','TGaCEPMTmW1j75FAzJZMrhTRrzMq7FnUd5','TV3Sz4Tt8GHmHnev92fevtmPq4x4mtE8ns',0.268000000000000000,NULL,59872979,'2025-11-20 09:24:39.377734',18.000000000000000000,8,3,3,1,0,20,'2025-11-20 09:25:49'),
	 ('dfd0d6501cb89a409636fd16b41b077f1e4861dd446eea2f3d34df805ccbcca4','TV3Sz4Tt8GHmHnev92fevtmPq4x4mtE8ns','TGaCEPMTmW1j75FAzJZMrhTRrzMq7FnUd5',0.268000000000000000,NULL,59872979,'2025-11-20 09:24:35.623421',32.992550000000000000,8,3,3,1,0,20,'2025-11-20 09:25:50'),
	 ('37ff2acafefb1a08c3ab0926d15ebe51902f60da24b895704ab00ac65b038ad6','TGaCEPMTmW1j75FAzJZMrhTRrzMq7FnUd5','TV3Sz4Tt8GHmHnev92fevtmPq4x4mtE8ns',0.268000000000000000,NULL,59872974,'2025-11-20 09:24:26.379113',18.000000000000000000,8,3,3,1,0,20,'2025-11-20 09:25:36'),
	 ('e0955f6132407356075502d5a2b7cdfd9676fcb5cfd3669780f52099b2880e2b','TGaCEPMTmW1j75FAzJZMrhTRrzMq7FnUd5','TV3Sz4Tt8GHmHnev92fevtmPq4x4mtE8ns',0.000000000000000000,NULL,NULL,'2025-11-20 09:24:26.221695',18.000000000000000000,1,3,3,1,0,20,'2025-11-20 09:24:26.221695'),
	 ('e0955f6132407356075502d5a2b7cdfd9676fcb5cfd3669780f52099b2880e2b','TGaCEPMTmW1j75FAzJZMrhTRrzMq7FnUd5','TV3Sz4Tt8GHmHnev92fevtmPq4x4mtE8ns',0.268000000000000000,NULL,59872973,'2025-11-20 09:24:22.253537',18.000000000000000000,8,3,3,1,0,20,'2025-11-20 09:25:31'),
	 ('febd7ce98775a183547caa3f69475adf2db1634e3f98a6ab24f465b4579fb43f','TV3Sz4Tt8GHmHnev92fevtmPq4x4mtE8ns','TGaCEPMTmW1j75FAzJZMrhTRrzMq7FnUd5',3.084450000000000000,NULL,59872973,'2025-11-20 09:24:18.382479',10.000000000000000000,8,3,3,2,0,20,'2025-11-20 09:25:31');
INSERT INTO transactions (transaction_hash,external_wallet_address,owner_wallet_address,fee,ext_id,block_number,create_date,amount,transaction_state_id,gate_id,project_id,contract_id,is_prod_network,block_conf,update_date) VALUES
	 ('28331e199e9309e35a9b09aefb5a3f3b4fe6c5fa40de40cff2e90d15457ca2bd','TGaCEPMTmW1j75FAzJZMrhTRrzMq7FnUd5','TV3Sz4Tt8GHmHnev92fevtmPq4x4mtE8ns',0.000000000000000000,NULL,59872972,'2025-11-20 09:24:18.075016',18.000000000000000000,8,3,3,1,0,20,'2025-11-20 09:25:27'),
	 ('c09f1dec541118eafab67102b77ffe648a80d2edc1251880283a75450ab6bf77','TGaCEPMTmW1j75FAzJZMrhTRrzMq7FnUd5','TRdnL5XkkA4jeyMTusH4HVrNWj2c4CNuyS',3.084450000000000000,NULL,59872945,'2025-11-20 09:23:31.065236',18.000000000000000000,8,1,3,2,0,20,'2025-11-20 09:24:21'),
	 ('49e5bf5015c7f33f45b9bedb0e31778d67baa9b794faa440aa902e38e059c49c','TGaCEPMTmW1j75FAzJZMrhTRrzMq7FnUd5','TV3Sz4Tt8GHmHnev92fevtmPq4x4mtE8ns',0.000000000000000000,NULL,59872939,'2025-11-20 09:22:39.849354',18.000000000000000000,8,3,3,1,0,20,'2025-11-20 09:24:08'),
	 ('e75d5fac336f3a71fa59d8933e88d64f48587f914930c0451303aeea9e291da0','TGaCEPMTmW1j75FAzJZMrhTRrzMq7FnUd5','TRdnL5XkkA4jeyMTusH4HVrNWj2c4CNuyS',3.084450000000000000,NULL,59872931,'2025-11-20 09:22:28.336067',20.000000000000000000,8,1,3,2,0,20,'2025-11-20 09:24:00'),
	 ('33a90ee7f160540ea11bf54cedd0d7164cf5cab8fd980a41b4c555022c168574','TV3Sz4Tt8GHmHnev92fevtmPq4x4mtE8ns','TGaCEPMTmW1j75FAzJZMrhTRrzMq7FnUd5',2.739450000000000000,NULL,59872931,'2025-11-20 09:22:15.722699',5.000000000000000000,8,3,3,2,0,20,'2025-11-20 09:24:35'),
	 ('b09a1d31cb5f5b1683022ca8fc05eaac9e348c678e6ed24fd20a6ca86cf41b48','TGaCEPMTmW1j75FAzJZMrhTRrzMq7FnUd5','TRdnL5XkkA4jeyMTusH4HVrNWj2c4CNuyS',3.084450000000000000,NULL,59872914,'2025-11-20 09:21:35.530602',10.000000000000000000,8,1,3,2,0,20,'2025-11-20 09:22:33'),
	 ('ecd5abe42a8ffb7c6f6e524e3e88bb1e622b6039f5e387e84a722abefe886339','TGaCEPMTmW1j75FAzJZMrhTRrzMq7FnUd5','TV3Sz4Tt8GHmHnev92fevtmPq4x4mtE8ns',1.100000000000000000,NULL,59872907,'2025-11-20 09:21:07.778800',18.000000000000000000,8,3,3,1,0,20,'2025-11-20 09:22:12'),
	 ('7f0a7db32baebf2f567237665049dd45705fd73136627b1f46dddbd945d44886','TGaCEPMTmW1j75FAzJZMrhTRrzMq7FnUd5','TRdnL5XkkA4jeyMTusH4HVrNWj2c4CNuyS',5.889450000000000000,NULL,59872885,'2025-11-20 09:20:10.456093',5.000000000000000000,8,1,3,2,0,20,'2025-11-20 09:21:05'),
	 ('862544573c2348f1b7ce742112729e5c3dbbc23ca7f62ad50e19cf521ab6c62f','TQrdovPAMVA2jkkn55Fdn62yA3oWVSknm5','TWi8xfdp583Dz1fqpfu4BREfXTAtny2aXq',0.345000000000000000,NULL,59823052,'2025-11-18 15:23:18.973988',10.000000000000000000,8,1,6,2,0,20,'2025-11-18 15:24:22'),
	 ('1b91199f95ad0aa4d2affc003eda2686bf195efceb3da30e8fea273d12ef7e7d','TQrdovPAMVA2jkkn55Fdn62yA3oWVSknm5','TRoCU4MStnaj6vQKUYnutVWvWroaFp4Viq',1.100000000000000000,NULL,59822970,'2025-11-18 15:19:05.164719',0.100000000000000000,8,3,6,1,0,20,'2025-11-18 15:20:13');
INSERT INTO transactions (transaction_hash,external_wallet_address,owner_wallet_address,fee,ext_id,block_number,create_date,amount,transaction_state_id,gate_id,project_id,contract_id,is_prod_network,block_conf,update_date) VALUES
	 ('948a79ed75b5944c0d766b8a7ea841c97dd0b7cd70c919647a951b0b53000baa','TQrdovPAMVA2jkkn55Fdn62yA3oWVSknm5','TWi8xfdp583Dz1fqpfu4BREfXTAtny2aXq',0.345000000000000000,NULL,59822948,'2025-11-18 15:18:09.238431',5.000000000000000000,8,1,6,2,0,20,'2025-11-18 15:19:02'),
	 ('d802cfbf5dbbccaf99a0d3091c76864210f88b6ce4f447ff32ebb164892775ce','TQdSfZRaXBFJTqEbQpmcacMjaFjwpsCxjv','TWi8xfdp583Dz1fqpfu4BREfXTAtny2aXq',0.345000000000000000,NULL,59822883,'2025-11-18 15:14:47.405622',2.000000000000000000,8,1,6,2,0,20,'2025-11-18 15:15:49'),
	 ('eaae806aa283f170677c17df6a208939ece33f43be20a5e6c2b2d64cc8919e8a','TQdSfZRaXBFJTqEbQpmcacMjaFjwpsCxjv','TRoCU4MStnaj6vQKUYnutVWvWroaFp4Viq',1.100000000000000000,NULL,59822776,'2025-11-18 15:09:16.936419',0.100000000000000000,8,3,6,1,0,20,'2025-11-18 15:10:22'),
	 ('1d7e9473487af4eca116e866079be167f9bb64dfb9acc6d6eb31b2a5909fe9bb','TQdSfZRaXBFJTqEbQpmcacMjaFjwpsCxjv','TWi8xfdp583Dz1fqpfu4BREfXTAtny2aXq',0.000000000000000000,NULL,59822753,'2025-11-18 15:08:42.137171',2.000000000000000000,8,1,6,2,0,20,'2025-11-18 15:09:11'),
	 ('27493109fe86d0158f3d8a5a2ff2bd09f542428fc95da7415a122c331e57d3e5','TGKQi73YhjcKVjTiLFL6pKoce4spBSqb8C','TAyaZ62eUujdb7Ep1e5CdzhpEf9RajLzpw',0.000000000000000000,NULL,77587947,'2025-11-18 03:22:14.409828',0.000001000000000000,8,1,4,1,1,20,'2025-11-18 03:23:15'),
	 ('9dc2d594b7b649de4d8cd327895dd58e77ee581e0e4006c30799440f3a24dc1a','TVdtJPZQbqsno3faNpMVXTKqLx7UncgP5k','TDkXB8dALtZKkSj5pSYHAT9rr7aFA4S8S1',0.000000000000000000,NULL,77580115,'2025-11-17 20:50:25.218655',0.000001000000000000,8,1,3,1,1,20,'2025-11-17 20:51:26'),
	 ('976400d215efbf2cc9c5af27d4e6bdf8f0863b8d8c612d66fd2ad1876d638d63','TPSiY6mhGvg8nkcZQC8DxYNCMUZnxrqmcv','TVdtJPZQbqsno3faNpMVXTKqLx7UncgP5k',0.000000000000000000,NULL,77580098,'2025-11-17 20:49:31.819761',100.000000000000000000,8,3,3,2,1,20,'2025-11-17 20:50:34'),
	 ('0253b543fd9cc895eb54b4d8bd7b2b36f17ef270b5e4ffdb5dcb678be4c14375','TVdtJPZQbqsno3faNpMVXTKqLx7UncgP5k','TX51kMnCJCtfqj5X4E5HEsLCjbCtvhKTnU',0.000000000000000000,NULL,77580077,'2025-11-17 20:48:31.472963',0.000000000000000000,8,1,3,4,1,20,'2025-11-17 20:49:30'),
	 ('5dc5d47d33dfb216eac3a4fc16f9c85d8a7771726fea1861e1f911b99e4d2528','TVdtJPZQbqsno3faNpMVXTKqLx7UncgP5k','TPSiY6mhGvg8nkcZQC8DxYNCMUZnxrqmcv',0.000000000000000000,NULL,77580054,'2025-11-17 20:47:19.674729',0.100000000000000000,8,3,3,1,1,20,'2025-11-17 20:48:23'),
	 ('03b6d67c4ac1a02a0539db897768df550913be82b0626949a76f07f1cae9dc24','TVdtJPZQbqsno3faNpMVXTKqLx7UncgP5k','TJ7hhYhVhaxNx6BPyq7yFpqZrQULL3JSdb',0.000000000000000000,NULL,77580030,'2025-11-17 20:46:10.454969',100.000000000000000000,8,1,3,2,1,20,'2025-11-17 20:47:12');
INSERT INTO transactions (transaction_hash,external_wallet_address,owner_wallet_address,fee,ext_id,block_number,create_date,amount,transaction_state_id,gate_id,project_id,contract_id,is_prod_network,block_conf,update_date) VALUES
	 ('58db21a8cb33e4b84e52f06bb5d7f2ae3562cf9a3a82096ebe68686f7cea0bc4','TGKQi73YhjcKVjTiLFL6pKoce4spBSqb8C','TLwYAutMDQJfaLGzHXbbzLwLJ7naHVGDFm',0.000000000000000000,NULL,77574229,'2025-11-17 15:57:09.546692',0.000001000000000000,8,1,4,1,1,20,'2025-11-17 15:57:11'),
	 ('b57f2f759fae65e5124ef4612c43f9947e3431bc60c44eb5da7ffa85315f289c','TBhjSwdahaZBhhRkfK8851qXMhuKGPazSp','TGKQi73YhjcKVjTiLFL6pKoce4spBSqb8C',0.345000000000000000,760,77574211,'2025-11-17 15:55:05.275497',122102.760000000000000000,8,2,4,2,1,20,'2025-11-17 15:56:07'),
	 ('e38e1423883aa775934864e65e6d912294f7347c2d0c1a3a0f95c39adc81b039','TGKQi73YhjcKVjTiLFL6pKoce4spBSqb8C','TKaxXfJuPhqpnuMR7yNcH9Ecnnbd4Hvhyp',0.000000000000000000,NULL,77574190,'2025-11-17 15:54:00.239437',0.345000000000000030,8,2,4,1,1,20,'2025-11-17 15:55:04'),
	 ('0e523499293816d1e0a263940fd9ef6082a5e8fbbc19172813f6d36384ebf88a','TGKQi73YhjcKVjTiLFL6pKoce4spBSqb8C','TX51kMnCJCtfqj5X4E5HEsLCjbCtvhKTnU',0.000000000000000000,NULL,77574187,'2025-11-17 15:53:56.542947',0.000000000000000000,8,1,4,4,1,20,'2025-11-17 15:54:54'),
	 ('cf971a61d359395ddcf8bcffdb5cf72ac77b6055e19565f0d5312101ac2473db','TRmGAYHTMea4HVUgKiSXKdvqY6BEmW28wm','TEHhZCFDFdJA8BZ4MFhdtdUw5QymKtfFLb',0.000000000000000000,NULL,77572743,'2025-11-17 14:41:38.881065',0.000001000000000000,8,1,3,1,1,20,'2025-11-17 14:42:41'),
	 ('037e4689f858a1bf4cf0d0aa7d96bec8264001c48eed63a6422a3e8f51f0eed9','TPSiY6mhGvg8nkcZQC8DxYNCMUZnxrqmcv','TRmGAYHTMea4HVUgKiSXKdvqY6BEmW28wm',0.000000000000000000,NULL,77572702,'2025-11-17 14:39:31.852950',2000.000000000000000000,8,3,3,2,1,20,'2025-11-17 14:40:34'),
	 ('8f16a4dab7941c8a75c60e9d1b58a53f5ca3b2d7328269b93e87d764f98c0c50','TRmGAYHTMea4HVUgKiSXKdvqY6BEmW28wm','TX51kMnCJCtfqj5X4E5HEsLCjbCtvhKTnU',0.000000000000000000,NULL,77572681,'2025-11-17 14:38:31.339702',0.000000000000000000,8,1,3,4,1,20,'2025-11-17 14:39:30'),
	 ('d5f8aba92cdd1353a9af46a8df8411d505fac76e653731e58b1229a618b7cb1c','TRmGAYHTMea4HVUgKiSXKdvqY6BEmW28wm','TPSiY6mhGvg8nkcZQC8DxYNCMUZnxrqmcv',1.100000000000000000,NULL,77572659,'2025-11-17 14:37:21.984838',0.100000000000000000,8,3,3,1,1,20,'2025-11-17 14:38:25'),
	 ('36895b1b616d9e280d0e7b57c07919eb3b4dd2c7119094303df0123caa338445','TRmGAYHTMea4HVUgKiSXKdvqY6BEmW28wm','TVFGXDcqm1FBfonyXoRyL8jVmcMGhZH95V',13.373500000000000000,NULL,77487088,'2025-11-17 14:37:14.169787',2000.000000000000000000,8,1,3,2,1,20,'2025-11-17 14:37:18'),
	 ('f328dbe03ca906a45370b388d8708b0a35aed6e1f7f4a18b0c3b5d881f037fce','TJaPNBxPA7Tygbrm9enxPCvPVvU83yXzpw','TGKQi73YhjcKVjTiLFL6pKoce4spBSqb8C',0.345000000000000000,755,77570467,'2025-11-17 12:47:45.091434',72460.320000000000000000,8,2,4,2,1,20,'2025-11-17 12:48:52');
INSERT INTO transactions (transaction_hash,external_wallet_address,owner_wallet_address,fee,ext_id,block_number,create_date,amount,transaction_state_id,gate_id,project_id,contract_id,is_prod_network,block_conf,update_date) VALUES
	 ('8f5a78ffa0c18a5137e9cb6144cf5a3c50b1fe0f09ad196698b50c2689a7f0cd','TGKQi73YhjcKVjTiLFL6pKoce4spBSqb8C','THuNpQepkTkf5MWDzZNDqvnLpkpz3yXzpw',0.347000000000000000,NULL,77570461,'2025-11-17 12:47:31.722861',1.000000000000000000,8,1,4,2,1,20,'2025-11-17 12:48:33'),
	 ('2edb2615920881f66e6d56536945257dd445d1df9f31cf6d11aaa742a9df9238','TGKQi73YhjcKVjTiLFL6pKoce4spBSqb8C','TZ6C4ny9932XXDJ1Z5EmYnqU6kLS3yXzpw',0.000000000000000000,NULL,77570457,'2025-11-17 12:47:19.644707',1.000000000000000000,8,1,4,2,1,20,'2025-11-17 12:48:19'),
	 ('62bcbd89613b4c497264b437cdb1ba10b2a2e6d8588f67ab29bb75e1da91ba0f','TGKQi73YhjcKVjTiLFL6pKoce4spBSqb8C','TKaxXfJuPhqpnuMR7yNcH9Ecnnbd4Hvhyp',0.000000000000000000,NULL,77570444,'2025-11-17 12:46:37.372638',0.345000000000000030,8,2,4,1,1,20,'2025-11-17 12:47:40'),
	 ('aa839b38b964296b03585b1c3cbf2bac6e99112c3dd77e39f337798a308a1ced','TGKQi73YhjcKVjTiLFL6pKoce4spBSqb8C','TX51kMnCJCtfqj5X4E5HEsLCjbCtvhKTnU',0.000000000000000000,NULL,77570440,'2025-11-17 12:46:29.152977',0.000000000000000000,8,1,4,4,1,20,'2025-11-17 12:47:29'),
	 ('a97f082e6f6e16462a6b88432e4f718285d0c246129b7b89bb64acd70fb60fda','TGKQi73YhjcKVjTiLFL6pKoce4spBSqb8C','TXcbgz1418MwmLCifyEM6wvkH6Sn32a3sw',0.000000000000000000,NULL,77570017,'2025-11-17 12:25:19.291544',0.700000000000000000,8,1,4,2,1,20,'2025-11-17 12:26:20'),
	 ('3a46e96bce1bd7917f6ee1535b1aab8e4c3c7038d399cba9c85c61fe7eb6647a','TGKQi73YhjcKVjTiLFL6pKoce4spBSqb8C','THuNpQepkTkf5MWDzZNDqvnLpkpz3yXzpw',0.347000000000000000,NULL,77569994,'2025-11-17 12:24:09.710104',1.001000000000000000,8,1,4,2,1,20,'2025-11-17 12:25:12'),
	 ('64cd4bf8ab6a2f411a7a97fe63aa452ed57749f0f41b7b5a7de510cecd469e35','TGKQi73YhjcKVjTiLFL6pKoce4spBSqb8C','TWLLFYy52J3byiH4iYi9kEReMkKN3yXzpw',0.345000000000000000,NULL,77569990,'2025-11-17 12:23:59.716079',1.001000000000000000,8,1,4,2,1,20,'2025-11-17 12:24:58'),
	 ('b4b3718c7fd0c0888ed707d1df79240a1bfd134a1ed6e657ff8e2031121acbae','TGKQi73YhjcKVjTiLFL6pKoce4spBSqb8C','THuNpQepkTkf5MWDzZNDqvnLpkpz3yXzpw',0.347000000000000000,NULL,77569986,'2025-11-17 12:23:45.990070',1.001000000000000000,8,1,4,2,1,20,'2025-11-17 12:24:47'),
	 ('656790e4e786c0317f876c84bcc01bee886afb556c1c80efc774b644a8f10736','TGKQi73YhjcKVjTiLFL6pKoce4spBSqb8C','TWLLFYy52J3byiH4iYi9kEReMkKN3yXzpw',0.345000000000000000,NULL,77569982,'2025-11-17 12:23:35.760290',1.001000000000000000,8,1,4,2,1,20,'2025-11-17 12:24:33'),
	 ('a4bcb0f0dd9460919a87a30177218782c38e825b2f811f5a11318d9096325fb4','TGKQi73YhjcKVjTiLFL6pKoce4spBSqb8C','THuNpQepkTkf5MWDzZNDqvnLpkpz3yXzpw',0.000000000000000000,NULL,77569974,'2025-11-17 12:23:11.725368',1.001000000000000000,8,1,4,2,1,20,'2025-11-17 12:24:09');
INSERT INTO transactions (transaction_hash,external_wallet_address,owner_wallet_address,fee,ext_id,block_number,create_date,amount,transaction_state_id,gate_id,project_id,contract_id,is_prod_network,block_conf,update_date) VALUES
	 ('4ba3e55b5e8f208da27fcec10c81f5ae97f34747c906b5d1faffbd6ed73d65d8','TGKQi73YhjcKVjTiLFL6pKoce4spBSqb8C','TWLLFYy52J3byiH4iYi9kEReMkKN3yXzpw',0.000000000000000000,NULL,77569967,'2025-11-17 12:22:49.903381',1.001000000000000000,8,1,4,2,1,20,'2025-11-17 12:23:49'),
	 ('3024b6871a880e1d302b0fbf0927e57aa78a01aa7aad66b306a64b5567d8827f','TGKQi73YhjcKVjTiLFL6pKoce4spBSqb8C','TV794ypGLF3aZkxwMbZFx5AMHPx6qo6ELp',0.000000000000000000,NULL,77569965,'2025-11-17 12:22:42.980262',0.000001000000000000,8,1,4,1,1,20,'2025-11-17 12:23:43'),
	 ('9e317b689811d62a8c6327a1a89474574c45d13eaacf340d1aad88feb1e6c662','TGKQi73YhjcKVjTiLFL6pKoce4spBSqb8C','TJtxUfoesz5DKUa5jMMDdoeZeykfMzQjpw',0.000000000000000000,NULL,77569946,'2025-11-17 12:21:47.491425',0.000002000000000000,8,1,4,1,1,20,'2025-11-17 12:22:49'),
	 ('1030bb2f8e0bd332805d540a1246ad2420e0820adc37ee76303cc124f5220391','TGKQi73YhjcKVjTiLFL6pKoce4spBSqb8C','TPgeoiBbTBGDGMpCpFqxnq3vbUDhb9oHpw',0.000000000000000000,NULL,77569942,'2025-11-17 12:21:35.364933',0.000001000000000000,8,1,4,1,1,20,'2025-11-17 12:22:34'),
	 ('26901501e52cb178ea85e5a9f3940975aee88b99fb4883fa8ee7757c56806b2b','TJaPNBxPA7Tygbrm9enxPCvPVvU83yXzpw','TGKQi73YhjcKVjTiLFL6pKoce4spBSqb8C',0.000000000000000000,744,77569940,'2025-11-17 12:21:26.466359',100.000000000000000000,8,2,4,2,1,20,'2025-11-17 12:22:28'),
	 ('97f83396503140a0a5e052f18d23cd52aefb62f3a8b72446b53d0fc8ad19051d','TGKQi73YhjcKVjTiLFL6pKoce4spBSqb8C','TX51kMnCJCtfqj5X4E5HEsLCjbCtvhKTnU',0.000000000000000000,NULL,77569937,'2025-11-17 12:21:19.516439',0.000000000000000000,8,1,4,4,1,20,'2025-11-17 12:22:19'),
	 ('4fd85d53a228ab47284a5caebc8105100e8eb839736c7a7a4601e79a66a135b3','TRdnL5XkkA4jeyMTusH4HVrNWj2c4CNuyS','TV3Sz4Tt8GHmHnev92fevtmPq4x4mtE8ns',2.739450000000000000,743,59705334,'2025-11-14 12:17:46.167316',5.720000000000000000,8,2,3,2,0,20,'2025-11-14 12:18:56'),
	 ('ba34699722c7b45fe9e597f996a1468c3c44c05e77e95bf6c1adbb26de0cbb33','TGKQi73YhjcKVjTiLFL6pKoce4spBSqb8C','TX51kMnCJCtfqj5X4E5HEsLCjbCtvhKTnU',0.000000000000000000,NULL,77459487,'2025-11-13 16:17:52.411481',0.000000000000000000,8,1,4,4,1,20,'2025-11-13 16:18:19'),
	 ('c0dcd6f50e9a722a3fa520cd41493b5b560e7516f417ddb0727567153584bd53','TGKQi73YhjcKVjTiLFL6pKoce4spBSqb8C','TBtcZ5vwE8qm1pKMXypqT82wpLgNh1fHHp',0.000000000000000000,NULL,77459494,'2025-11-13 16:17:40.897301',0.000002000000000000,8,1,4,1,1,20,'2025-11-13 16:18:40'),
	 ('271a1b059b0956000941d441fb86e668949ca3448c8d7afdd3d0a34529e678c8','TDEsNYVB3Fyw5W4fHtTFDHMvPFuF3wBHHp','TGKQi73YhjcKVjTiLFL6pKoce4spBSqb8C',0.000000000000000000,740,77459490,'2025-11-13 16:17:24.341731',21157.000000000000000000,8,2,4,2,1,20,'2025-11-13 16:18:28');
INSERT INTO transactions (transaction_hash,external_wallet_address,owner_wallet_address,fee,ext_id,block_number,create_date,amount,transaction_state_id,gate_id,project_id,contract_id,is_prod_network,block_conf,update_date) VALUES
	 ('84af625e978223e377504bc6eddcdcf341a8dd44b2d9c7aef5f8a8247f55e790','TV3Sz4Tt8GHmHnev92fevtmPq4x4mtE8ns','TJsEaiBo48hDFJEuHuMyS7udCCp4dRWyLZ',0.268000000000000000,NULL,59676261,'2025-11-13 11:49:31.099111',14.992550000000000000,8,3,3,1,0,20,'2025-11-13 11:50:36'),
	 ('2fc3add6746d7b3d9784ca844fe03eef54f38daa8da8c67cc05e8f3abcc8ac6b','TV3Sz4Tt8GHmHnev92fevtmPq4x4mtE8ns','TJsEaiBo48hDFJEuHuMyS7udCCp4dRWyLZ',2.739450000000000000,NULL,59676220,'2025-11-13 11:47:22.033410',10.000000000000000000,8,3,3,2,0,20,'2025-11-13 11:49:21'),
	 ('49a8007ff2d5b6ddc0dc7a7bfb33dfd93842a309cf9a0263375556a0ad454579','TJsEaiBo48hDFJEuHuMyS7udCCp4dRWyLZ','TV3Sz4Tt8GHmHnev92fevtmPq4x4mtE8ns',1.100000000000000000,NULL,59676197,'2025-11-13 11:46:13.931822',18.000000000000000000,8,3,3,1,0,20,'2025-11-13 11:47:18'),
	 ('c9bcaed108d30a80492b40246313c2f9ee1d39b8d6d825dd6c6acab2a8a5ec37','TJsEaiBo48hDFJEuHuMyS7udCCp4dRWyLZ','TRdnL5XkkA4jeyMTusH4HVrNWj2c4CNuyS',3.084450000000000000,NULL,59676173,'2025-11-13 11:45:10.119917',10.000000000000000000,8,1,3,2,0,20,'2025-11-13 11:46:07'),
	 ('5f3b6fb42db83272f1a1e461ee3405ad3e75aed223d9dc3413809f08eb193506','TJsEaiBo48hDFJEuHuMyS7udCCp4dRWyLZ','TRdnL5XkkA4jeyMTusH4HVrNWj2c4CNuyS',5.889450000000000000,NULL,59675846,'2025-11-13 11:28:41.411163',1.000000000000000000,8,1,3,2,0,20,'2025-11-13 11:29:38'),
	 ('5f6ca40838bd13655d1bebe0e5aec6c083ebbe25ba799add42c372d47e2dda4b','TFUHWZC4ai8NFZERKRAfGPRca2VMMMeFSe','TV3Sz4Tt8GHmHnev92fevtmPq4x4mtE8ns',3.084240000000000000,737,59650584,'2025-11-12 14:12:38.595537',1.120000000000000000,8,2,3,2,0,20,'2025-11-12 14:13:45'),
	 ('30da198cfa93ad39f980b6e85962ec7286d1559cce3a9738ca858abf6e7cb1c2','TFUHWZC4ai8NFZERKRAfGPRca2VMMMeFSe','TV3Sz4Tt8GHmHnev92fevtmPq4x4mtE8ns',3.084240000000000000,736,59650452,'2025-11-12 14:05:57.751973',1.000000000000000000,8,2,3,2,0,20,'2025-11-12 14:07:03'),
	 ('6ede5d53e3f31963098d1765080e018d1596bc82ca664cd8b3d2171b6bd4b64e','TFUHWZC4ai8NFZERKRAfGPRca2VMMMeFSe','TV3Sz4Tt8GHmHnev92fevtmPq4x4mtE8ns',3.084450000000000000,735,59648024,'2025-11-12 12:03:20.671139',1.000000000000000000,8,2,3,2,0,20,'2025-11-12 12:04:26'),
	 ('6fcc219a9151a0a26a8e621ea597725201e157f74bbc3c74e5b5faa33ccaac37','TFUHWZC4ai8NFZERKRAfGPRca2VMMMeFSe','TV3Sz4Tt8GHmHnev92fevtmPq4x4mtE8ns',2.739240000000000000,734,59646697,'2025-11-12 10:56:20.063181',1.000000000000000000,8,2,3,2,0,20,'2025-11-12 10:57:24'),
	 ('2de36f928e2eba9aec61996fcb3f6232a8b618c37747c0b7862263aa47647c13','TFUHWZC4ai8NFZERKRAfGPRca2VMMMeFSe','TV3Sz4Tt8GHmHnev92fevtmPq4x4mtE8ns',3.084450000000000000,733,59625841,'2025-11-11 17:22:59.174276',1.000000000000000000,8,2,3,2,0,20,'2025-11-11 17:24:11');
INSERT INTO transactions (transaction_hash,external_wallet_address,owner_wallet_address,fee,ext_id,block_number,create_date,amount,transaction_state_id,gate_id,project_id,contract_id,is_prod_network,block_conf,update_date) VALUES
	 ('d0e8618b0d90a1d224fe97592a4a59bb6a819d0b434e0e99ea6930d7be18d2ea','TYptFfacy9tK8Kf1viXFZv7S5wYwMTifde','TV3Sz4Tt8GHmHnev92fevtmPq4x4mtE8ns',3.084450000000000000,732,59623874,'2025-11-11 15:43:38.318441',1.000000000000000000,8,2,3,2,0,20,'2025-11-11 15:44:44'),
	 ('92586e21856a507132738fceb8972b806f621b146bf94f8fb81d62f26a32b58c','TV3Sz4Tt8GHmHnev92fevtmPq4x4mtE8ns','TXDLnxaiB3VTxWi14JXvybQM3jcwMBXMqE',0.268000000000000000,NULL,59622598,'2025-11-11 14:39:16.265999',14.992759999999999000,8,3,3,1,0,20,'2025-11-11 14:40:21'),
	 ('be552c8ffe8c5b75f17e660df27b1629afdbd05f22db36bb31bbc44836e288f1','TV3Sz4Tt8GHmHnev92fevtmPq4x4mtE8ns','TXDLnxaiB3VTxWi14JXvybQM3jcwMBXMqE',2.739240000000000000,NULL,59622575,'2025-11-11 14:37:59.451326',3.000000000000000000,8,3,3,2,0,20,'2025-11-11 14:39:12'),
	 ('c888c8fe75421aa9c16241f7d0c366dac507ee2ddfec593755e4d978af9fc38d','TXDLnxaiB3VTxWi14JXvybQM3jcwMBXMqE','TV3Sz4Tt8GHmHnev92fevtmPq4x4mtE8ns',1.100000000000000000,NULL,59622552,'2025-11-11 14:36:50.841483',18.000000000000000000,8,3,3,1,0,20,'2025-11-11 14:37:56'),
	 ('da9b2da45431e49f2f4f3a1de8fa558990bfde6fd272861f954f11820c6ad2a5','TXDLnxaiB3VTxWi14JXvybQM3jcwMBXMqE','TRdnL5XkkA4jeyMTusH4HVrNWj2c4CNuyS',6.234450000000000000,NULL,59622529,'2025-11-11 14:35:52.700412',3.000000000000000000,8,1,3,2,0,20,'2025-11-11 14:36:47'),
	 ('fbd5c52d646a4994be96c53ed611306ef93aceac35910e2b4581088aa07eb124','TFUHWZC4ai8NFZERKRAfGPRca2VMMMeFSe','TV3Sz4Tt8GHmHnev92fevtmPq4x4mtE8ns',3.084240000000000000,729,59622185,'2025-11-11 14:18:23.356414',1.123456000000000000,8,2,3,2,0,20,'2025-11-11 14:19:30'),
	 ('c20dbcfea40c3005e4bca67dbebd761f31416b6c1c4ad226b66cc68b712cccbe','TYptFfacy9tK8Kf1viXFZv7S5wYwMTifde','TV3Sz4Tt8GHmHnev92fevtmPq4x4mtE8ns',3.084450000000000000,728,59620790,'2025-11-11 13:07:50.760535',1.000000000000000000,8,2,3,2,0,20,'2025-11-11 13:09:04'),
	 ('b253d42dc0193e6ca332bac7accb353b92560e9cd3102ce7321b5acfdcdbab2a','TYptFfacy9tK8Kf1viXFZv7S5wYwMTifde','TV3Sz4Tt8GHmHnev92fevtmPq4x4mtE8ns',2.739240000000000000,727,59619722,'2025-11-11 12:13:57.596092',1.000000000000000000,8,2,3,2,0,20,'2025-11-11 12:15:05'),
	 ('ab45e971a19996c87db779b1c33a1a87013a67f67274cc8b5578e5e96a36e941','TV3Sz4Tt8GHmHnev92fevtmPq4x4mtE8ns','TMnBXTWZR1wJsAFfz54cbg9rXWyjZYer59',0.268000000000000000,NULL,59617508,'2025-11-11 10:22:10.265135',14.992550000000000000,8,3,3,1,0,20,'2025-11-11 10:23:15'),
	 ('a3d7e52448531f5c8ac235d7a8b25b011e8cc79c7f76491b729864924169acee','TV3Sz4Tt8GHmHnev92fevtmPq4x4mtE8ns','TMnBXTWZR1wJsAFfz54cbg9rXWyjZYer59',2.739450000000000000,NULL,59617485,'2025-11-11 10:21:00.954241',5.000000000000000000,8,3,3,2,0,20,'2025-11-11 10:22:06');
INSERT INTO transactions (transaction_hash,external_wallet_address,owner_wallet_address,fee,ext_id,block_number,create_date,amount,transaction_state_id,gate_id,project_id,contract_id,is_prod_network,block_conf,update_date) VALUES
	 ('80c27b496de448d4acc2ba8083bb394659f10ef91770b2486b9f7fd3b06c1e19','TMnBXTWZR1wJsAFfz54cbg9rXWyjZYer59','TV3Sz4Tt8GHmHnev92fevtmPq4x4mtE8ns',1.100000000000000000,NULL,59617460,'2025-11-11 10:19:46.624050',18.000000000000000000,8,3,3,1,0,20,'2025-11-11 10:20:58'),
	 ('9564fbc23ca2849c465b5371ba7e33174d9cc2d449b09339038beaed2f833a80','TMnBXTWZR1wJsAFfz54cbg9rXWyjZYer59','TRdnL5XkkA4jeyMTusH4HVrNWj2c4CNuyS',5.889450000000000000,NULL,59617437,'2025-11-11 10:18:46.491602',5.000000000000000000,8,1,3,2,0,20,'2025-11-11 10:19:44'),
	 ('1753841ebd131362cbcfd01f25825b1ad88fdc70923b6df30dab5f6800299f4d','TV3Sz4Tt8GHmHnev92fevtmPq4x4mtE8ns','TJPB39CHiAhy1KVFnubTGXmaVkRS7drEsC',0.000000000000000000,NULL,59595557,'2025-11-10 15:53:31.819673',20.000000000000000000,8,3,3,1,0,20,'2025-11-10 15:54:35'),
	 ('453af6da3b7496c0fb9469b65851c0893a48777597a0ba09664e8101d09ae824','TJPB39CHiAhy1KVFnubTGXmaVkRS7drEsC','TRdnL5XkkA4jeyMTusH4HVrNWj2c4CNuyS',1.100000000000000000,NULL,59595532,'2025-11-10 15:52:24.826766',20.000000000000000000,8,1,3,1,0,20,'2025-11-10 15:53:28'),
	 ('1a1889e09342b79694c0fc711d307b746b974c186430bb5cb451cb2b38b353ea','TYptFfacy9tK8Kf1viXFZv7S5wYwMTifde','TV3Sz4Tt8GHmHnev92fevtmPq4x4mtE8ns',3.084240000000000000,724,59513066,'2025-11-07 18:27:11.956308',1.000000000000000000,8,2,3,2,0,20,'2025-11-07 18:28:30'),
	 ('7142177ba0b53c784f3a1cdbb189c63be2cc71fae7bfa2fd6be99284b0190976','TYptFfacy9tK8Kf1viXFZv7S5wYwMTifde','TV3Sz4Tt8GHmHnev92fevtmPq4x4mtE8ns',5.889450000000000000,723,59512950,'2025-11-07 18:21:20.191179',1.000000000000000000,8,2,3,2,0,20,'2025-11-07 18:22:40'),
	 ('b463633370f5ca369e628cff49aae6b92722ea05d4fec6e790f2cd14cbd2dee6','TGKQi73YhjcKVjTiLFL6pKoce4spBSqb8C','TX94W57owsuMyugcxMPfUSWqZDP6AJRNNF',0.000000000000000000,NULL,77286392,'2025-11-07 16:00:02.429528',0.000001000000000000,8,1,4,1,1,20,'2025-11-07 16:01:01'),
	 ('a5e166742d01e0d985e489e190cee09eccd53dc0270233d6340d9bd5cc7ff300','TChKrEu2EaeDgfGdVnakU2UvMnRkLwyiNC','TPSiY6mhGvg8nkcZQC8DxYNCMUZnxrqmcv',0.345000000000000000,87,77281872,'2025-11-07 12:13:51.291733',132.811000000000000000,8,2,3,2,1,20,'2025-11-07 12:14:57'),
	 ('6eab723c8e1967737dd165c9634ddf4535dc99b489af052e9b6071cfe01efb4a','TLVyLh6ZPrLp2A3gQkSPW1Jmy5xhvPgv5Y','TPSiY6mhGvg8nkcZQC8DxYNCMUZnxrqmcv',0.345000000000000000,86,77281867,'2025-11-07 12:13:37.825250',414.071000000000000000,8,2,3,2,1,20,'2025-11-07 12:14:39'),
	 ('f0725d3a82177dcae0a507dfbd71ea4f465434186f85903a5d99ea5604643546','TH5opsbVYQqoj9sRgCx2NmPcMM3vnguaNL','TPSiY6mhGvg8nkcZQC8DxYNCMUZnxrqmcv',0.345000000000000000,85,77281864,'2025-11-07 12:13:26.368825',719.590000000000000000,8,2,3,2,1,20,'2025-11-07 12:14:31');
INSERT INTO transactions (transaction_hash,external_wallet_address,owner_wallet_address,fee,ext_id,block_number,create_date,amount,transaction_state_id,gate_id,project_id,contract_id,is_prod_network,block_conf,update_date) VALUES
	 ('7a7bd5cbecd560c950adb635f695414e5604f5fa64d8f2fb001a06da203313b9','TH4xT6GeuxBVzcLAvJKkE2HqCQ15aDQPiP','TPSiY6mhGvg8nkcZQC8DxYNCMUZnxrqmcv',0.345000000000000000,84,77281859,'2025-11-07 12:13:13.064302',154.424000000000000000,8,2,3,2,1,20,'2025-11-07 12:14:16'),
	 ('465c80691eb4b67368e393c845b1fb829c187d745a20e49f5e42c08e0d179774','TFaMU8fwdXC8wX3J2g5qnswwqDRdrETCD2','TPSiY6mhGvg8nkcZQC8DxYNCMUZnxrqmcv',0.000000000000000000,83,77281855,'2025-11-07 12:13:01.940878',338.146000000000000000,8,2,3,2,1,20,'2025-11-07 12:14:04'),
	 ('710fdc2826c01db7ba4e6d4dacdf93098e9dcdb1acf8023d8a5e0b42c9b17804','TWi8xfdp583Dz1fqpfu4BREfXTAtny2aXq','TV3Sz4Tt8GHmHnev92fevtmPq4x4mtE8ns',3.084450000000000000,82,59505533,'2025-11-07 12:06:48.346171',132.811000000000000000,8,2,3,2,0,20,'2025-11-07 12:07:55'),
	 ('c3913d4a605a7572de4dc09f1b2d4b9c549c30293ecb5eff87d1788f0d803d95','TX3q2qto6Dg3AEJNufjJeGcXXrfjPg1uoE','TV3Sz4Tt8GHmHnev92fevtmPq4x4mtE8ns',3.084450000000000000,81,59505532,'2025-11-07 12:06:46.777804',414.071000000000000000,8,2,3,2,0,20,'2025-11-07 12:07:53'),
	 ('a1894d0b34ed661c32947cd48a2b9fd60d4ac0d62c6b94bedcc92ac95a2321b1','THfhXMEx89a6qe5e3XQwMdpuKC7Uk8pyma','TV3Sz4Tt8GHmHnev92fevtmPq4x4mtE8ns',3.084450000000000000,80,59505532,'2025-11-07 12:06:45.661727',719.590000000000000000,8,2,3,2,0,20,'2025-11-07 12:07:54'),
	 ('94600fcaa5c25e9faa1f0f33bb15484a719dd9d7f235dca3027ab898e309592a','TX3q2qto6Dg3AEJNufjJeGcXXrfjPg1uoE','TV3Sz4Tt8GHmHnev92fevtmPq4x4mtE8ns',6.234450000000000000,79,59505531,'2025-11-07 12:06:40.052083',154.424000000000000000,8,2,3,2,0,20,'2025-11-07 12:07:52'),
	 ('cdaa9fdc2722a7bcb5f966fbbc7673026a48b9a4d16058f73e1746f671cd257a','TWi8xfdp583Dz1fqpfu4BREfXTAtny2aXq','TV3Sz4Tt8GHmHnev92fevtmPq4x4mtE8ns',2.739450000000000000,78,59505528,'2025-11-07 12:06:34.841819',338.146000000000000000,8,2,3,2,0,20,'2025-11-07 12:07:38'),
	 ('c20b16662a48803e217b04cf1f7f113e082af4cdb8695c7ee09fd6da2a3cf62a','TCz9a5rQZryjzpMezPz6ZyqGEo52RJD1wx','TMcb8bqG44EgTm63DPzonAhWFVqDo6WLzT',0.000000000000000000,NULL,77261538,'2025-11-06 19:16:56.825831',0.000001000000000000,8,1,3,1,1,20,'2025-11-06 19:17:56'),
	 ('4098a6d8fa52f0fe6a8c8178eac9925d8480c4867458a960840a0ed91dd5d600','TPSiY6mhGvg8nkcZQC8DxYNCMUZnxrqmcv','TCz9a5rQZryjzpMezPz6ZyqGEo52RJD1wx',0.000000000000000000,NULL,77261510,'2025-11-06 19:15:27.667599',100.000000000000000000,8,3,3,2,1,20,'2025-11-06 19:16:31'),
	 ('6bdedcd1059d3964f14832f9a2c96bc1018efe77c0446f9c99590e9ab8bef5b7','TCz9a5rQZryjzpMezPz6ZyqGEo52RJD1wx','TX51kMnCJCtfqj5X4E5HEsLCjbCtvhKTnU',0.000000000000000000,NULL,77261488,'2025-11-06 19:14:26.582603',0.000000000000000000,8,1,3,4,1,20,'2025-11-06 19:15:26');
INSERT INTO transactions (transaction_hash,external_wallet_address,owner_wallet_address,fee,ext_id,block_number,create_date,amount,transaction_state_id,gate_id,project_id,contract_id,is_prod_network,block_conf,update_date) VALUES
	 ('554c7372d92f77f19d4cf68d492d672ec9ffc747c5411b3fdb9f6c9b39f8af8d','TCz9a5rQZryjzpMezPz6ZyqGEo52RJD1wx','TPSiY6mhGvg8nkcZQC8DxYNCMUZnxrqmcv',1.100000000000000000,NULL,77261465,'2025-11-06 19:13:11.903016',0.100000000000000000,8,3,3,1,1,20,'2025-11-06 19:14:16'),
	 ('02f33c1ba208b176f95b0250ebe0739283db15ca02c4e378000e7c40f07736bc','TCz9a5rQZryjzpMezPz6ZyqGEo52RJD1wx','TGC3dK9dPHQnyQTSp6ZYTDGTHY8ffW4TUr',0.345000000000000000,NULL,77261442,'2025-11-06 19:12:08.900341',100.000000000000000000,8,1,3,2,1,20,'2025-11-06 19:13:08'),
	 ('e600a0d339349eed15572177989b119bb9c16f031773fa84b23bd6a3c0f7cd4a','TGKQi73YhjcKVjTiLFL6pKoce4spBSqb8C','TX94W57owsuMyugcxMPfUSWqZDP6AJRNNF',0.000000000000000000,NULL,77259017,'2025-11-06 17:10:53.177066',0.000001000000000000,8,1,4,1,1,20,'2025-11-06 17:11:52'),
	 ('e6d898366fb9a10cf55958d9588a6cd3727f33b2cd7ee3cbe66ab9d93e4723bc','TGKQi73YhjcKVjTiLFL6pKoce4spBSqb8C','TJu9s8qAe5LgNZp95b48u8qkMErFhAZsLp',0.000000000000000000,NULL,77226803,'2025-11-05 14:20:16.624308',0.000001000000000000,8,1,4,1,1,20,'2025-11-05 14:20:41'),
	 ('4aa35744aae64ed614a4d8c6ad87d4630db420d41200f27d9c93a85457dfcdbe','TGKQi73YhjcKVjTiLFL6pKoce4spBSqb8C','TGvfQNhkTNcWTBzPzYfQkKJn62LyVnvCcn',0.000000000000000000,NULL,77226785,'2025-11-05 14:18:46.729132',0.000003000000000000,8,1,4,1,1,20,'2025-11-05 14:19:47'),
	 ('7b8df6b7259c42eeb3e3d3c9b0c31eeb39e0d48dbdd9a2471c23b064d1605dd3','TCNFhdWSqKUR5tNkb2pbC57sH2EmXd3Pcn','TGKQi73YhjcKVjTiLFL6pKoce4spBSqb8C',0.000000000000000000,706,77226783,'2025-11-05 14:18:36.721474',374626.000000000000000000,8,2,4,2,1,20,'2025-11-05 14:20:26'),
	 ('5ade48af3690caad0ce68f98ea52d7dee65bf43fb798fd6956be4e90628b06a9','TGKQi73YhjcKVjTiLFL6pKoce4spBSqb8C','TX51kMnCJCtfqj5X4E5HEsLCjbCtvhKTnU',0.000000000000000000,NULL,77226780,'2025-11-05 14:18:31.689986',0.000000000000000000,8,1,4,4,1,20,'2025-11-05 14:19:32'),
	 ('77adae6391c8be98c620c02cf9ac071dcba5bd4d0ae75a606a5b6baff92fcde3','TGKQi73YhjcKVjTiLFL6pKoce4spBSqb8C','TX94W57owsuMyugcxMPfUSWqZDP6AJRNNF',0.000000000000000000,NULL,77224666,'2025-11-05 12:32:51.255298',0.000001000000000000,8,1,4,1,1,20,'2025-11-05 12:33:50'),
	 ('e86e588359d6ff3943bbdcb3411d47fb20e357149aefff183f12d56da65415c6','TGKQi73YhjcKVjTiLFL6pKoce4spBSqb8C','TX94W57owsuMyugcxMPfUSWqZDP6AJRNNF',0.000000000000000000,NULL,77197897,'2025-11-04 14:13:59.783663',0.000001000000000000,8,1,4,1,1,20,'2025-11-04 14:14:58'),
	 ('bc485d2106da4d7227a860f17298c73e9da12b09e47a5841e687fc71a3e03c15','TSxaq2D6wmb2FWbPrNDrpS9yrrVufprcFK','TNByn7yPxrrxAwTM6FMqu7bp175qhvqjXb',0.000000000000000000,NULL,77196497,'2025-11-04 13:03:59.666027',0.000002000000000000,8,1,4,1,1,20,'2025-11-04 13:05:04');
INSERT INTO transactions (transaction_hash,external_wallet_address,owner_wallet_address,fee,ext_id,block_number,create_date,amount,transaction_state_id,gate_id,project_id,contract_id,is_prod_network,block_conf,update_date) VALUES
	 ('11296b387e97287277b5db4c00153470912aaa8e92d5e313ab2c0fdf3c80f8aa','TSxaq2D6wmb2FWbPrNDrpS9yrrVufprcFK','TLb9XbtiohWNsvSFbAvUdNbnkXRvFf7bXb',6.428500000000000000,NULL,77196493,'2025-11-04 13:03:47.850764',2405.200000000000000000,8,1,4,2,1,20,'2025-11-04 13:04:45'),
	 ('e63557f31e4f8a385db48fd48b5352dcde6b9544128e58a3094f71e33bccebe7','TFUHWZC4ai8NFZERKRAfGPRca2VMMMeFSe','TV3Sz4Tt8GHmHnev92fevtmPq4x4mtE8ns',3.084450000000000000,701,59420571,'2025-11-04 12:35:49.985341',1.123456000000000000,8,2,3,2,0,20,'2025-11-04 12:37:06'),
	 ('587341937ac599595429d3e003c080f42184cb251bf9bbeaf16e3600de898f71','TFUHWZC4ai8NFZERKRAfGPRca2VMMMeFSe','TV3Sz4Tt8GHmHnev92fevtmPq4x4mtE8ns',2.739240000000000000,700,59420405,'2025-11-04 12:27:24.488351',1.000000000000000000,8,2,3,2,0,20,'2025-11-04 12:28:39'),
	 ('a886977d78d82c32d43d799c9836946b42b0a0e179e84fbe769aefdd7d7916fb','TGKQi73YhjcKVjTiLFL6pKoce4spBSqb8C','TX94W57owsuMyugcxMPfUSWqZDP6AJRNNF',0.000000000000000000,NULL,77169991,'2025-11-03 14:58:17.004108',0.000001000000000000,8,1,4,1,1,20,'2025-11-03 14:59:16'),
	 ('3e245cf2e72d2b9c424af48ae5232708089d6878935369a5a1ed89851ae4ebeb','TEhfxrnTbcgB5bd9DYv2WyoBDoiSpvK8t1','TGKQi73YhjcKVjTiLFL6pKoce4spBSqb8C',0.345000000000000000,698,77169058,'2025-11-03 14:11:32.875920',19103.000000000000000000,8,2,4,2,1,20,'2025-11-03 14:12:38'),
	 ('45ea87ba9a6ed3245d781495faf2cbff3394760a1ce491cf9cf86b5e2d668414','TGKQi73YhjcKVjTiLFL6pKoce4spBSqb8C','TKaxXfJuPhqpnuMR7yNcH9Ecnnbd4Hvhyp',0.000000000000000000,NULL,77169036,'2025-11-03 14:10:27.410875',0.345000000000000030,8,2,4,1,1,20,'2025-11-03 14:11:30'),
	 ('9709f3bbc5c1a8e37fb3a315e3d28e8ae9cddc3cdc148906ed0895b3cd0aba2a','TGKQi73YhjcKVjTiLFL6pKoce4spBSqb8C','TX51kMnCJCtfqj5X4E5HEsLCjbCtvhKTnU',0.000000000000000000,NULL,77169033,'2025-11-03 14:10:23.484441',0.000000000000000000,8,1,4,4,1,20,'2025-11-03 14:11:22'),
	 ('a66d893a08dfe456406f21778918641e29b8ac6b2a1a22d7662472cec46a4f9d','TGKQi73YhjcKVjTiLFL6pKoce4spBSqb8C','TJ6qWPXE22okYNxBhNKtTujNH75fseszSp',0.000000000000000000,NULL,77168919,'2025-11-03 14:04:40.033204',0.000002000000000000,8,1,4,1,1,20,'2025-11-03 14:05:41'),
	 ('6f749559f8843ae299f8d3059bebe05d854783c366684c3a17356009fde283c8','TGKQi73YhjcKVjTiLFL6pKoce4spBSqb8C','TEgsWdEYnWWeHZ75FXxYhMPDVcBx69WLSp',0.000000000000000000,NULL,77168916,'2025-11-03 14:04:31.984741',0.000009000000000000,8,1,4,1,1,20,'2025-11-03 14:05:31'),
	 ('6291fdc1fff35d5170e9428eea2435b15d5722f5f4d6ea3a3b2a085336b6a747','TBhjSwdahaZBhhRkfK8851qXMhuKGPazSp','TGKQi73YhjcKVjTiLFL6pKoce4spBSqb8C',0.000000000000000000,695,77168913,'2025-11-03 14:04:20.355487',95076.000000000000000000,8,2,4,2,1,20,'2025-11-03 14:05:23');
INSERT INTO transactions (transaction_hash,external_wallet_address,owner_wallet_address,fee,ext_id,block_number,create_date,amount,transaction_state_id,gate_id,project_id,contract_id,is_prod_network,block_conf,update_date) VALUES
	 ('ef28eaa932f528ad627d9e5f3d43f9475a09ffa1945bc15ff1c5acb8e1aec586','TGKQi73YhjcKVjTiLFL6pKoce4spBSqb8C','TX51kMnCJCtfqj5X4E5HEsLCjbCtvhKTnU',0.000000000000000000,NULL,77168911,'2025-11-03 14:04:17.728903',0.000000000000000000,8,1,4,4,1,20,'2025-11-03 14:05:17'),
	 ('d03f687a8f95c9083a984b153e70cb2f4619b53ef21298cfbad2efc9911a63e3','TGKQi73YhjcKVjTiLFL6pKoce4spBSqb8C','TX51kMnCJCtfqj5X4E5HEsLCjbCtvhKTnU',0.000000000000000000,NULL,77168113,'2025-11-03 13:24:24.039699',0.000000000000000000,8,1,4,4,1,20,'2025-11-03 13:25:22'),
	 ('73facea505237d6ed83271947c240481fae7222f22b32252d3aff274ebd16c8b','TGKQi73YhjcKVjTiLFL6pKoce4spBSqb8C','TX51kMnCJCtfqj5X4E5HEsLCjbCtvhKTnU',0.000000000000000000,NULL,77168072,'2025-11-03 13:22:21.263942',0.000000000000000000,8,1,4,4,1,20,'2025-11-03 13:23:19'),
	 ('7868ecf7536fe2ba4be9a253cafebe25d83e19e7411e9fcdb8a18384a07bf139','TGKQi73YhjcKVjTiLFL6pKoce4spBSqb8C','TX94W57owsuMyugcxMPfUSWqZDP6AJRNNF',0.000000000000000000,NULL,77141382,'2025-11-02 15:07:32.434589',0.000001000000000000,8,1,4,1,1,20,'2025-11-02 15:08:32'),
	 ('cddfe87126cb000fe897c9a10b6142e96141ee9e890ccb1379ed990018bbacba','TGKQi73YhjcKVjTiLFL6pKoce4spBSqb8C','TX94W57owsuMyugcxMPfUSWqZDP6AJRNNF',0.000000000000000000,NULL,77112447,'2025-11-01 15:02:12.692802',0.000001000000000000,8,1,4,1,1,20,'2025-11-01 15:02:13'),
	 ('4df797430031f496410fd126d7989d649c59621b6ed2e60c5a6eff0d0b877ae0','TGKQi73YhjcKVjTiLFL6pKoce4spBSqb8C','TNLebRpWtzqksp1MmGXKFPAiJs3EjrqgRS',0.000000000000000000,NULL,77082976,'2025-10-31 14:26:15.989674',0.000005000000000000,8,1,4,1,1,20,'2025-10-31 14:27:16'),
	 ('9d2283a17606e38f6243823de1b30be83d38150f2e49e985e1eca815123e37ec','TGKQi73YhjcKVjTiLFL6pKoce4spBSqb8C','TGq2vRwvBxVPxFdiUuqsfk79zfsV9bKCRS',6.773500000000000000,NULL,77082971,'2025-10-31 14:26:02.116078',50000.000000000000000000,8,1,4,2,1,20,'2025-10-31 14:27:04'),
	 ('c2451941692ba50684ec3f341f485e404d72b0baced216e2b6a106923d7be3e2','TGKQi73YhjcKVjTiLFL6pKoce4spBSqb8C','TX94W57owsuMyugcxMPfUSWqZDP6AJRNNF',0.000000000000000000,NULL,77079207,'2025-10-31 11:17:51.682655',0.000001000000000000,8,1,4,1,1,20,'2025-10-31 11:18:49'),
	 ('fb5245bb675cee7351ac4c12d59b1b2117feac820ad61f786ac9da5b478216b1','TGKQi73YhjcKVjTiLFL6pKoce4spBSqb8C','TX94W57owsuMyugcxMPfUSWqZDP6AJRNNF',0.000000000000000000,NULL,77050529,'2025-10-30 11:23:30.540124',0.000001000000000000,8,1,4,1,1,20,'2025-10-30 11:24:27'),
	 ('2fa827f288d64d6072305f669d7843b7f0250f94f405a96e541217955d47e44a','TPSiY6mhGvg8nkcZQC8DxYNCMUZnxrqmcv','TGoKJqBUAzjuigv5XD1iumLPQiRGqBKgpK',0.000000000000000000,NULL,77029254,'2025-10-29 17:39:19.221514',2000.000000000000000000,8,3,3,2,1,20,'2025-10-29 17:40:21');
INSERT INTO transactions (transaction_hash,external_wallet_address,owner_wallet_address,fee,ext_id,block_number,create_date,amount,transaction_state_id,gate_id,project_id,contract_id,is_prod_network,block_conf,update_date) VALUES
	 ('3962751d329fc1f0640c56e2c7106a5c7755532fa23d4b000bf136738b652553','TGoKJqBUAzjuigv5XD1iumLPQiRGqBKgpK','TX51kMnCJCtfqj5X4E5HEsLCjbCtvhKTnU',0.000000000000000000,NULL,77029232,'2025-10-29 17:38:18.979942',0.000000000000000000,8,1,3,4,1,20,'2025-10-29 17:39:16'),
	 ('e3c71452904debde5a255e4fec202c8370411aabe100a57e063bae358c0e1fa2','TGoKJqBUAzjuigv5XD1iumLPQiRGqBKgpK','THK7pap1U2jxrf1axyUnPmYAJfA66Yh7eA',0.000000000000000000,NULL,77029214,'2025-10-29 17:37:23.462217',0.000002000000000000,8,1,3,1,1,20,'2025-10-29 17:38:25'),
	 ('a89d1fea5dceeb4f9542755efd3b7403deafeb8cd258dd7d62da3339b6befa5f','TGoKJqBUAzjuigv5XD1iumLPQiRGqBKgpK','TTvejBfYq23ySAwHzUZmuYwZ8xC8Ha6weA',13.028500000000000000,NULL,77029208,'2025-10-29 17:37:05.360552',2000.000000000000000000,8,1,3,2,1,20,'2025-10-29 17:38:03'),
	 ('6cefb56e1b02ae9006721a41ce1fd4adb9256874619be706de15baa33884c9cc','TGKQi73YhjcKVjTiLFL6pKoce4spBSqb8C','TX94W57owsuMyugcxMPfUSWqZDP6AJRNNF',0.000000000000000000,NULL,77021682,'2025-10-29 11:20:38.671083',0.000001000000000000,8,1,4,1,1,20,'2025-10-29 11:21:39'),
	 ('26d2f86d656d727838fbed6032dd26b3ee0d7e626db8de1588e865542d6c03cb','TWi8xfdp583Dz1fqpfu4BREfXTAtny2aXq','TV3Sz4Tt8GHmHnev92fevtmPq4x4mtE8ns',3.084450000000000000,683,59220267,'2025-10-28 11:59:31.410005',35.500000000000000000,8,2,3,2,0,20,'2025-10-28 12:00:36'),
	 ('cb2325d9f5c6b48bcdfe71341cb44e966908e3578b12dc70621946d465746ae4','TWi8xfdp583Dz1fqpfu4BREfXTAtny2aXq','TV3Sz4Tt8GHmHnev92fevtmPq4x4mtE8ns',3.084450000000000000,682,59220179,'2025-10-28 11:55:00.362979',10.000000000000000000,8,2,3,2,0,20,'2025-10-28 11:56:10'),
	 ('5e7e38fba078e55c3b315d2cea5899f92856d06b2cdbb85c6f6cb7d601a995d0','TWi8xfdp583Dz1fqpfu4BREfXTAtny2aXq','TV3Sz4Tt8GHmHnev92fevtmPq4x4mtE8ns',3.084240000000000000,681,59220174,'2025-10-28 11:54:44.950261',10.000000000000000000,8,2,3,2,0,20,'2025-10-28 11:55:50'),
	 ('8bb4e820662d3f591e9467c8f28a1caa66b5a574a44fe7116a27b7fe04cb9441','TWi8xfdp583Dz1fqpfu4BREfXTAtny2aXq','TV3Sz4Tt8GHmHnev92fevtmPq4x4mtE8ns',3.084240000000000000,680,59220020,'2025-10-28 11:46:57.770195',10.000000000000000000,8,2,3,2,0,20,'2025-10-28 11:48:04'),
	 ('b4300ec2af59423f035f37b2a60585c77e2451d168aac8abd269daa5fabade13','TWi8xfdp583Dz1fqpfu4BREfXTAtny2aXq','TV3Sz4Tt8GHmHnev92fevtmPq4x4mtE8ns',3.084450000000000000,679,59219895,'2025-10-28 11:40:42.405012',10.000000000000000000,8,2,3,2,0,20,'2025-10-28 11:41:48'),
	 ('38901cee66ba63b6a2f9fbf26e6818cd9365c07bb5ccf895f548a79698c8e361','TWi8xfdp583Dz1fqpfu4BREfXTAtny2aXq','TV3Sz4Tt8GHmHnev92fevtmPq4x4mtE8ns',3.084450000000000000,678,59219772,'2025-10-28 11:34:24.983710',10.000000000000000000,8,2,3,2,0,20,'2025-10-28 11:35:37');
INSERT INTO transactions (transaction_hash,external_wallet_address,owner_wallet_address,fee,ext_id,block_number,create_date,amount,transaction_state_id,gate_id,project_id,contract_id,is_prod_network,block_conf,update_date) VALUES
	 ('7603c0529227872c50c73a54b3816a762aa09b998a4e251f76ba4ac1dc2ec849','TWi8xfdp583Dz1fqpfu4BREfXTAtny2aXq','TV3Sz4Tt8GHmHnev92fevtmPq4x4mtE8ns',3.084450000000000000,677,59219567,'2025-10-28 11:24:07.380403',10.000000000000000000,8,2,3,2,0,20,'2025-10-28 11:25:20'),
	 ('bc3030280f92b6ab835a36cafe548bee702e710c25fb0f272cda308ad843164c','TWi8xfdp583Dz1fqpfu4BREfXTAtny2aXq','TV3Sz4Tt8GHmHnev92fevtmPq4x4mtE8ns',2.739240000000000000,676,59218513,'2025-10-28 10:30:55.283813',10.000000000000000000,8,2,3,2,0,20,'2025-10-28 10:32:04'),
	 ('19b8c708e0d33d51a0fe397c2750ac0a51661066b299ea7fc8ef587a0204dc1d','TNQvgqqorUDrq2Kd1EmRfXJhxbjLPSy3N1','TAt4U7yBobZ6ymVaAL8t1ziVBNJuRnRN15',0.000000000000000000,NULL,76966473,'2025-10-27 13:19:22.349960',0.000001000000000000,8,1,3,1,1,20,'2025-10-27 13:20:22'),
	 ('948179a220ada096426c87a713390f382d49ad63b67c0b4746bba794887551c2','TPSiY6mhGvg8nkcZQC8DxYNCMUZnxrqmcv','TNQvgqqorUDrq2Kd1EmRfXJhxbjLPSy3N1',0.000000000000000000,NULL,76966455,'2025-10-27 13:18:25.166349',100.000000000000000000,8,3,3,2,1,20,'2025-10-27 13:19:27'),
	 ('ff6dbd2c8bb24e6b722f839072697498ada95c98698e977618c175f95d71eaec','TNQvgqqorUDrq2Kd1EmRfXJhxbjLPSy3N1','TX51kMnCJCtfqj5X4E5HEsLCjbCtvhKTnU',0.000000000000000000,NULL,76966433,'2025-10-27 13:17:22.266851',0.000000000000000000,8,1,3,4,1,20,'2025-10-27 13:18:22'),
	 ('3b516386cdecea8bc3d7b4dfb825fcaca1c10497f83887ff8afd4feff7968f47','TNQvgqqorUDrq2Kd1EmRfXJhxbjLPSy3N1','TPSiY6mhGvg8nkcZQC8DxYNCMUZnxrqmcv',1.100000000000000000,NULL,76966390,'2025-10-27 13:15:11.180126',0.100000000000000000,8,3,3,1,1,20,'2025-10-27 13:17:13'),
	 ('23edb0eac4e0361f3146f54d26da14c0efd3a7483ddabb38ff546f7c6cfb0ef6','TNQvgqqorUDrq2Kd1EmRfXJhxbjLPSy3N1','TNXoiAJ3dct8Fjg4M9fkLFh9S2v9TXc32G',0.345000000000000000,NULL,76966368,'2025-10-27 13:14:07.865651',100.000000000000000000,8,1,3,2,1,20,'2025-10-27 13:15:06'),
	 ('076d895660e2ba0329a19b4512fb945f11d68b9ec8c8d9728ba43fae3806178b','TPSiY6mhGvg8nkcZQC8DxYNCMUZnxrqmcv','TJVgvcx8qjGivh8y4ky2PVTVU6Mv895S9A',0.000000000000000000,NULL,76963741,'2025-10-27 11:02:41.991857',5.000000000000000000,8,3,3,2,1,20,'2025-10-27 11:03:45'),
	 ('c4589380956d5a7521c145bb872ca25b1aa649540cc07473e02888f24beab3c4','TJVgvcx8qjGivh8y4ky2PVTVU6Mv895S9A','TX51kMnCJCtfqj5X4E5HEsLCjbCtvhKTnU',0.000000000000000000,NULL,76963719,'2025-10-27 11:01:40.383225',0.000000000000000000,8,1,3,4,1,20,'2025-10-27 11:02:41'),
	 ('478b11925ce86bef84185460c50704b95bc2c1c70610b3f2c944be8a79de2ac9','TJVgvcx8qjGivh8y4ky2PVTVU6Mv895S9A','TPSiY6mhGvg8nkcZQC8DxYNCMUZnxrqmcv',1.100000000000000000,NULL,76963696,'2025-10-27 11:00:28.893684',0.100000000000000000,8,3,3,1,1,20,'2025-10-27 11:01:31');
INSERT INTO transactions (transaction_hash,external_wallet_address,owner_wallet_address,fee,ext_id,block_number,create_date,amount,transaction_state_id,gate_id,project_id,contract_id,is_prod_network,block_conf,update_date) VALUES
	 ('d058d1680891ef8c6eebab2d8b3c67f6ebca0a25068e94726893397b1c2d36d9','TJVgvcx8qjGivh8y4ky2PVTVU6Mv895S9A','TSGHBPN8uXYCKetEUSe3AifucWhn7XBp6B',13.373500000000000000,NULL,76963673,'2025-10-27 10:59:23.663735',5.000000000000000000,8,1,3,2,1,20,'2025-10-27 11:00:25'),
	 ('e316fc5ec2ce44792d3fc1939db52d2cebe5d5cb102d6fea36d3200626a628b7','TPSiY6mhGvg8nkcZQC8DxYNCMUZnxrqmcv','TQDuaVnz4sRyqTijCp7tzH8C9prAheETVy',0.000000000000000000,NULL,76961979,'2025-10-27 09:34:36.009123',5.000000000000000000,8,3,3,2,1,20,'2025-10-27 09:35:41'),
	 ('661e5d7fe9189a2d219b7f2e21576bc80c7f62a0c6c762d888b92f0032af3294','TQDuaVnz4sRyqTijCp7tzH8C9prAheETVy','TX51kMnCJCtfqj5X4E5HEsLCjbCtvhKTnU',0.000000000000000000,NULL,76961946,'2025-10-27 09:34:34.068346',0.000000000000000000,8,1,3,4,1,20,'2025-10-27 09:34:35'),
	 ('5d73d11f775e0bb4a577caf75c53a826c6d01b5a153a08cdc1527387a9899039','TQDuaVnz4sRyqTijCp7tzH8C9prAheETVy','TPSiY6mhGvg8nkcZQC8DxYNCMUZnxrqmcv',1.100000000000000000,NULL,76961924,'2025-10-27 09:31:52.421683',0.100000000000000000,8,3,3,1,1,20,'2025-10-27 09:32:54'),
	 ('2945c5f24b1f9fe56a78090472009069342ee6d679c52c10d93f2cd8c12d6602','TQDuaVnz4sRyqTijCp7tzH8C9prAheETVy','TSGHBPN8uXYCKetEUSe3AifucWhn7XBp6B',13.028500000000000000,NULL,76961902,'2025-10-27 09:30:49.425409',5.000000000000000000,8,1,3,2,1,20,'2025-10-27 09:31:48'),
	 ('22d3c34f4ffda2d9999906e109a13ca1246349c4ac2cdde8b3eddbe4e3817002','TMrtaCo7uWJ2ua1rZuH2292YJjJYkgX7DZ','TRqt1SkSFxmR3DrHnyNbdS7aJ2fxzPt4bx',0.000000000000000000,NULL,76882547,'2025-10-24 15:21:58.305517',0.000001000000000000,8,1,3,1,1,20,'2025-10-24 15:22:59'),
	 ('8e63123b0c8e8e38889109df9c204becc237d8ff8d7a25253c52bdac6533943f','TF7Titm4FzaCJB6UGmDd3qkhoVRae31jp3','TPSiY6mhGvg8nkcZQC8DxYNCMUZnxrqmcv',0.373200000000000000,25,76882020,'2025-10-24 14:55:27.366299',23.000000000000000000,8,2,3,2,1,20,'2025-10-24 14:57:36'),
	 ('d5e8f7043bd4993f0853fbe60ea5b714d4de9290790098bb665848c0cfed3261','TMrtaCo7uWJ2ua1rZuH2292YJjJYkgX7DZ','TPSiY6mhGvg8nkcZQC8DxYNCMUZnxrqmcv',1.100000000000000000,NULL,76881802,'2025-10-24 14:44:34.260410',0.100000000000000000,8,3,3,1,1,20,'2025-10-24 14:45:37'),
	 ('5d701f94c3bffc124663b9bf621a32d725dc987652147790a7fb7bc1463f1d64','TMrtaCo7uWJ2ua1rZuH2292YJjJYkgX7DZ','TSGHBPN8uXYCKetEUSe3AifucWhn7XBp6B',13.028500000000000000,NULL,76881780,'2025-10-24 14:43:33.020837',25.000000000000000000,8,1,3,2,1,20,'2025-10-24 14:44:30'),
	 ('0576fd4757a36ae704751205c74492aa1d84736ca2114ead63e48cc354a24365','TF7Titm4FzaCJB6UGmDd3qkhoVRae31jp3','TPSiY6mhGvg8nkcZQC8DxYNCMUZnxrqmcv',0.373200000000000000,24,76856518,'2025-10-23 17:40:03.737167',6.000000000000000000,8,2,3,2,1,20,'2025-10-23 17:41:06');
